logTime,Instance ID,Is Retransmission,Path Id,Offset[cm],End Offset[cm],Lane Number,レーン情報数,レーンID,左側車線のレーンID,右側車線のレーンID,Road Type,Lane_Add_Remove_Type,Accelerating Lane,Decelerating Lane,Lane Type,Crossing Type (only tunnel),Left Change Allowed,Right Change Allowed,距離[m],レーン番号,レーン総数,最高速度情報[kmh],MAP Functional Authority,Functional Authority 3,Functional Authority 2,Functional Authority 1,鮮度情報チェック状態,鮮度情報,経路変換状態,SDLinkage有無,ADAS2.0属性数,(1) OSMID,(1) 道路種別,(1) サブリンク種別,(1) 橋・トンネル属性,信号機情報ID数,道路標示情報ID数,標識情報ID数,Lane Line ID数,(1) Lane Line ID,(1) 位置種別,(2) Lane Line ID,(2) 位置種別,Road Edge ID数,(1) Road Edge ID,(2) Road Edge ID,前方レーンID数,(1) 前方レーンID,後方レーンID数,(1) 後方レーンID,(1) 標識情報ID,(2) 後方レーンID,(2) OSMID,(2) 道路種別,(2) サブリンク種別,(2) 橋・トンネル属性,(2) 標識情報ID,(3) 標識情報ID
83089,0x1870c,False,255,2443545,2458538,15,4,4295828445,0,8590795741,(0) Controlled Access Divided,0,0,0,(1) Normal Driving Lane,0,0,1,151,1,4,105,1,1073758208,1073741824,0,1,1,変換成功,有効,1,52131419,0,2,0,0,0,0,2,4295828445,0,8590795741,1,2,861149,4295828445,1,4295828484,1,4295828403.0,,,,,,,,
83089,0x1870c,False,255,2443545,2458538,15,4,8590795741,4295828445,12885763037,(0) Controlled Access Divided,0,0,0,(1) Normal Driving Lane,0,1,1,150,2,4,105,1,1073758208,1073741824,0,1,1,変換成功,有効,1,52131419,0,2,0,0,0,0,2,8590795741,0,12885763037,1,2,861149,4295828445,1,8590795780,1,8590795699.0,,,,,,,,
83089,0x1870c,False,255,2443545,2458538,15,4,12885763037,8590795741,17180730333,(0) Controlled Access Divided,0,0,0,(1) Normal Driving Lane,0,1,1,150,3,4,105,1,1073758208,1073741824,0,1,1,変換成功,有効,1,52131419,0,2,0,0,0,0,2,12885763037,0,17180730333,1,2,861149,4295828445,1,12885763076,1,12885762995.0,,,,,,,,
83089,0x1870c,False,255,2443545,2458538,15,4,17180730333,12885763037,0,(0) Controlled Access Divided,0,0,0,(1) Normal Driving Lane,0,1,0,149,4,4,105,1,1073758208,1073741824,0,1,1,変換成功,有効,1,52131419,0,2,0,0,0,0,2,17180730333,0,21475697629,1,2,861149,4295828445,1,17180730372,1,17180730291.0,,,,,,,,
85101,0x18726,False,362,1139280,1154273,15,4,4295828445,0,8590795741,(0) Controlled Access Divided,0,0,0,(1) Normal Driving Lane,0,0,1,151,1,4,105,1,1073758208,1073741824,0,1,1,変換成功,有効,1,52131419,0,2,0,0,0,0,2,4295828445,0,8590795741,1,2,861149,4295828445,1,4295828484,1,4295828403.0,,,,,,,,
85101,0x18726,False,362,1139280,1154273,15,4,8590795741,4295828445,12885763037,(0) Controlled Access Divided,0,0,0,(1) Normal Driving Lane,0,1,1,150,2,4,105,1,1073758208,1073741824,0,1,1,変換成功,有効,1,52131419,0,2,0,0,0,0,2,8590795741,0,12885763037,1,2,861149,4295828445,1,8590795780,1,8590795699.0,,,,,,,,
85101,0x18726,False,362,1139280,1154273,15,4,12885763037,8590795741,17180730333,(0) Controlled Access Divided,0,0,0,(1) Normal Driving Lane,0,1,1,150,3,4,105,1,1073758208,1073741824,0,1,1,変換成功,有効,1,52131419,0,2,0,0,0,0,2,12885763037,0,17180730333,1,2,861149,4295828445,1,12885763076,1,12885762995.0,,,,,,,,
85101,0x18726,False,362,1139280,1154273,15,4,17180730333,12885763037,0,(0) Controlled Access Divided,0,0,0,(1) Normal Driving Lane,0,1,0,149,4,4,105,1,1073758208,1073741824,0,1,1,変換成功,有効,1,52131419,0,2,0,0,0,0,2,17180730333,0,21475697629,1,2,861149,4295828445,1,17180730372,1,17180730291.0,,,,,,,,
134259,0x1879e,False,255,2458538,2463216,15,4,4295828484,0,8590795780,(0) Controlled Access Divided,0,0,0,(1) Normal Driving Lane,0,0,1,47,1,4,105,1,1073758208,1073741824,0,1,1,変換成功,有効,1,52131419,0,2,0,0,0,0,2,4295828484,0,8590795780,1,2,861188,4295828484,1,4295828258,1,4295828445.0,,,,,,,,
134259,0x1879e,False,255,2458538,2463216,15,4,8590795780,4295828484,12885763076,(0) Controlled Access Divided,0,0,0,(1) Normal Driving Lane,0,1,1,47,2,4,105,1,1073758208,1073741824,0,1,1,変換成功,有効,1,52131419,0,2,0,0,0,0,2,8590795780,0,12885763076,1,2,861188,4295828484,1,8590795554,1,8590795741.0,,,,,,,,
134259,0x1879e,False,255,2458538,2463216,15,4,12885763076,8590795780,17180730372,(0) Controlled Access Divided,0,0,0,(1) Normal Driving Lane,0,1,1,47,3,4,105,1,1073758208,1073741824,0,1,1,変換成功,有効,1,52131419,0,2,0,0,0,0,2,12885763076,0,17180730372,1,2,861188,4295828484,1,12885762850,1,12885763037.0,,,,,,,,
134259,0x1879e,False,255,2458538,2463216,15,4,17180730372,12885763076,0,(0) Controlled Access Divided,0,0,0,(1) Normal Driving Lane,0,1,0,47,4,4,105,1,1073758208,1073741824,0,1,1,変換成功,有効,1,52131419,0,2,0,0,0,0,2,17180730372,0,21475697668,1,2,861188,4295828484,1,17180730146,1,17180730333.0,,,,,,,,
136294,0x187bc,False,362,1154273,1158951,15,4,4295828484,0,8590795780,(0) Controlled Access Divided,0,0,0,(1) Normal Driving Lane,0,0,1,47,1,4,105,1,1073758208,1073741824,0,1,1,変換成功,有効,1,52131419,0,2,0,0,0,0,2,4295828484,0,8590795780,1,2,861188,4295828484,1,4295828258,1,4295828445.0,,,,,,,,
136294,0x187bc,False,362,1154273,1158951,15,4,8590795780,4295828484,12885763076,(0) Controlled Access Divided,0,0,0,(1) Normal Driving Lane,0,1,1,47,2,4,105,1,1073758208,1073741824,0,1,1,変換成功,有効,1,52131419,0,2,0,0,0,0,2,8590795780,0,12885763076,1,2,861188,4295828484,1,8590795554,1,8590795741.0,,,,,,,,
136294,0x187bc,False,362,1154273,1158951,15,4,12885763076,8590795780,17180730372,(0) Controlled Access Divided,0,0,0,(1) Normal Driving Lane,0,1,1,47,3,4,105,1,1073758208,1073741824,0,1,1,変換成功,有効,1,52131419,0,2,0,0,0,0,2,12885763076,0,17180730372,1,2,861188,4295828484,1,12885762850,1,12885763037.0,,,,,,,,
136294,0x187bc,False,362,1154273,1158951,15,4,17180730372,12885763076,0,(0) Controlled Access Divided,0,0,0,(1) Normal Driving Lane,0,1,0,47,4,4,105,1,1073758208,1073741824,0,1,1,変換成功,有効,1,52131419,0,2,0,0,0,0,2,17180730372,0,21475697668,1,2,861188,4295828484,1,17180730146,1,17180730333.0,,,,,,,,
155453,0x187da,False,255,2463216,2474835,31,5,4295828258,0,8590795554,(0) Controlled Access Divided,0,0,0,(1) Normal Driving Lane,0,0,1,117,1,5,105,1,1073758208,1073741824,0,1,1,変換成功,有効,1,52131419,0,2,0,0,0,1,2,4295828258,0,8590795554,1,2,860962,4295828258,1,4295828297,1,4295828484.0,1.3152186292850768e+17,,,,,,,
155453,0x187da,False,255,2463216,2474835,31,5,8590795554,4295828258,12885762850,(0) Controlled Access Divided,0,0,0,(1) Normal Driving Lane,0,1,1,117,2,5,105,1,1073758208,1073741824,0,1,1,変換成功,有効,1,52131419,0,2,0,0,0,1,2,8590795554,0,12885762850,1,2,860962,4295828258,1,8590795593,1,8590795780.0,1.3152186292850768e+17,,,,,,,
155453,0x187da,False,255,2463216,2474835,31,5,12885762850,8590795554,17180730146,(0) Controlled Access Divided,0,0,0,(1) Normal Driving Lane,0,1,1,116,3,5,105,1,1073758208,1073741824,0,1,1,変換成功,有効,1,52131419,0,2,0,0,0,1,2,12885762850,0,17180730146,1,2,860962,4295828258,1,12885762889,1,12885763076.0,1.3152186292850768e+17,,,,,,,
155453,0x187da,False,255,2463216,2474835,31,5,17180730146,12885762850,21475697442,(0) Controlled Access Divided,0,0,0,(1) Normal Driving Lane,0,1,1,116,4,5,105,1,1073758208,1073741824,0,1,1,変換成功,有効,1,52131419,0,2,0,0,0,1,2,17180730146,0,25770664738,1,2,860962,4295828258,1,17180730185,1,17180730372.0,1.3152186292850768e+17,,,,,,,
155453,0x187da,False,255,2463216,2474835,31,5,21475697442,17180730146,0,(0) Controlled Access Divided,2,1,0,(1) Normal Driving Lane,0,1,0,115,5,5,105,1,1073758208,1073741824,0,1,1,変換成功,有効,1,52131419,0,2,0,0,0,1,2,21475697442,0,30065632034,1,2,860962,4295828258,1,21475697481,1,4298148226.0,1.3152186292850768e+17,,,,,,,
155594,0x187e5,False,386,0,4394,1,1,4298148226,0,0,(3) Ramp,0,0,0,(1) Normal Driving Lane,0,0,0,44,1,1,105,1,1073758208,1073741824,0,1,1,変換成功,有効,1,28315199,0,5,0,0,0,0,2,4298148226,0,8593115522,1,2,3180930,4298148226,1,21475697442,1,4298148224.0,,,,,,,,
155680,0x187ef,False,386,4394,10882,1,1,4298148224,0,0,(3) Ramp,0,0,0,(1) Normal Driving Lane,0,0,0,65,1,1,105,1,1073758208,1073741824,0,1,1,変換成功,有効,1,28315199,0,5,0,0,0,0,2,4298148224,0,8593115520,1,2,3180928,4298148224,1,4298148226,1,4298148220.0,,,,,,,,
155920,0x187f9,False,386,10882,19872,1,1,4298148220,0,0,(3) Ramp,0,0,0,(1) Normal Driving Lane,0,0,0,90,1,1,105,1,1073758208,1073741824,0,1,1,変換成功,有効,1,28315199,0,5,0,0,0,0,2,4298148220,0,8593115516,1,2,3180924,4298148220,1,4298148224,1,4298148242.0,,,,,,,,
156133,0x18803,False,386,19872,31048,1,1,4298148242,0,0,(3) Ramp,0,0,0,(1) Normal Driving Lane,0,0,0,112,1,1,105,1,1073758208,1073741824,0,1,1,変換成功,有効,1,28315199,0,5,0,0,0,0,2,4298148242,0,8593115538,1,2,3180946,4298148242,1,4298148220,1,4297342781.0,,,,,,,,
156141,0x1880d,False,386,31048,31747,1,1,4297342781,0,0,(3) Ramp,0,0,0,(1) Normal Driving Lane,0,0,0,7,1,1,105,1,1073758208,1073741824,0,1,1,変換成功,有効,1,28315199,0,5,0,0,0,0,2,4297342781,0,8592310077,1,2,2375485,4297342781,1,4298148242,1,4297342780.0,,,,,,,,
156151,0x18817,False,386,31747,32148,1,1,4297342780,0,0,(3) Ramp,0,0,0,(1) Normal Driving Lane,0,0,0,4,1,1,105,1,1073758208,1073741824,0,1,1,変換成功,有効,1,28315199,0,5,0,0,0,0,2,4297342780,0,8592310076,1,2,2375484,4297342780,1,4297342781,1,4297342779.0,,,,,,,,
156274,0x18821,False,386,32148,33744,1,1,4297342779,0,0,(3) Ramp,0,0,0,(1) Normal Driving Lane,0,0,0,16,1,1,105,1,1073758208,1073741824,0,1,1,変換成功,有効,1,28315199,0,5,0,0,0,0,2,4297342779,0,8592310075,1,2,2375483,4297342779,1,4297342780,0,,,,,,,,,
158109,0x18851,False,362,1158951,1170570,31,5,4295828258,0,8590795554,(0) Controlled Access Divided,0,0,0,(1) Normal Driving Lane,0,0,1,117,1,5,105,1,1073758208,1073741824,0,1,1,変換成功,有効,1,52131419,0,2,0,0,0,1,2,4295828258,0,8590795554,1,2,860962,4295828258,1,4295828297,1,4295828484.0,1.3152186292850768e+17,,,,,,,
158109,0x18851,False,362,1158951,1170570,31,5,8590795554,4295828258,12885762850,(0) Controlled Access Divided,0,0,0,(1) Normal Driving Lane,0,1,1,117,2,5,105,1,1073758208,1073741824,0,1,1,変換成功,有効,1,52131419,0,2,0,0,0,1,2,8590795554,0,12885762850,1,2,860962,4295828258,1,8590795593,1,8590795780.0,1.3152186292850768e+17,,,,,,,
158109,0x18851,False,362,1158951,1170570,31,5,12885762850,8590795554,17180730146,(0) Controlled Access Divided,0,0,0,(1) Normal Driving Lane,0,1,1,116,3,5,105,1,1073758208,1073741824,0,1,1,変換成功,有効,1,52131419,0,2,0,0,0,1,2,12885762850,0,17180730146,1,2,860962,4295828258,1,12885762889,1,12885763076.0,1.3152186292850768e+17,,,,,,,
158109,0x18851,False,362,1158951,1170570,31,5,17180730146,12885762850,21475697442,(0) Controlled Access Divided,0,0,0,(1) Normal Driving Lane,0,1,1,116,4,5,105,1,1073758208,1073741824,0,1,1,変換成功,有効,1,52131419,0,2,0,0,0,1,2,17180730146,0,25770664738,1,2,860962,4295828258,1,17180730185,1,17180730372.0,1.3152186292850768e+17,,,,,,,
158109,0x18851,False,362,1158951,1170570,31,5,21475697442,17180730146,0,(0) Controlled Access Divided,2,1,0,(1) Normal Driving Lane,0,1,0,115,5,5,105,1,1073758208,1073741824,0,1,1,変換成功,有効,1,52131419,0,2,0,0,0,1,2,21475697442,0,30065632034,1,2,860962,4295828258,1,21475697481,1,4298148226.0,1.3152186292850768e+17,,,,,,,
158125,0x1885c,False,387,0,4394,1,1,4298148226,0,0,(3) Ramp,0,0,0,(1) Normal Driving Lane,0,0,0,44,1,1,105,1,1073758208,1073741824,0,1,1,変換成功,有効,1,28315199,0,5,0,0,0,0,2,4298148226,0,8593115522,1,2,3180930,4298148226,1,21475697442,1,4298148224.0,,,,,,,,
158240,0x18866,False,387,4394,10882,1,1,4298148224,0,0,(3) Ramp,0,0,0,(1) Normal Driving Lane,0,0,0,65,1,1,105,1,1073758208,1073741824,0,1,1,変換成功,有効,1,28315199,0,5,0,0,0,0,2,4298148224,0,8593115520,1,2,3180928,4298148224,1,4298148226,1,4298148220.0,,,,,,,,
158333,0x18870,False,387,10882,19872,1,1,4298148220,0,0,(3) Ramp,0,0,0,(1) Normal Driving Lane,0,0,0,90,1,1,105,1,1073758208,1073741824,0,1,1,変換成功,有効,1,28315199,0,5,0,0,0,0,2,4298148220,0,8593115516,1,2,3180924,4298148220,1,4298148224,1,4298148242.0,,,,,,,,
158466,0x1887a,False,387,19872,31048,1,1,4298148242,0,0,(3) Ramp,0,0,0,(1) Normal Driving Lane,0,0,0,112,1,1,105,1,1073758208,1073741824,0,1,1,変換成功,有効,1,28315199,0,5,0,0,0,0,2,4298148242,0,8593115538,1,2,3180946,4298148242,1,4298148220,1,4297342781.0,,,,,,,,
158493,0x18884,False,387,31048,31747,1,1,4297342781,0,0,(3) Ramp,0,0,0,(1) Normal Driving Lane,0,0,0,7,1,1,105,1,1073758208,1073741824,0,1,1,変換成功,有効,1,28315199,0,5,0,0,0,0,2,4297342781,0,8592310077,1,2,2375485,4297342781,1,4298148242,1,4297342780.0,,,,,,,,
158503,0x1888e,False,387,31747,32148,1,1,4297342780,0,0,(3) Ramp,0,0,0,(1) Normal Driving Lane,0,0,0,4,1,1,105,1,1073758208,1073741824,0,1,1,変換成功,有効,1,28315199,0,5,0,0,0,0,2,4297342780,0,8592310076,1,2,2375484,4297342780,1,4297342781,1,4297342779.0,,,,,,,,
158588,0x18898,False,387,32148,33744,1,1,4297342779,0,0,(3) Ramp,0,0,0,(1) Normal Driving Lane,0,0,0,16,1,1,105,1,1073758208,1073741824,0,1,1,変換成功,有効,1,28315199,0,5,0,0,0,0,2,4297342779,0,8592310075,1,2,2375483,4297342779,1,4297342780,0,,,,,,,,,
185634,0x188e4,False,255,2474835,2480037,31,5,4295828297,0,8590795593,(0) Controlled Access Divided,0,0,0,(1) Normal Driving Lane,0,0,1,53,1,5,105,1,1073758208,1073741824,0,1,1,変換成功,有効,1,52131419,0,2,0,0,0,0,2,4295828297,0,8590795593,1,2,861001,4295828297,1,4295828290,1,4295828258.0,,,,,,,,
185634,0x188e4,False,255,2474835,2480037,31,5,8590795593,4295828297,12885762889,(0) Controlled Access Divided,0,0,0,(1) Normal Driving Lane,0,1,1,52,2,5,105,1,1073758208,1073741824,0,1,1,変換成功,有効,1,52131419,0,2,0,0,0,0,2,8590795593,0,12885762889,1,2,861001,4295828297,1,8590795586,1,8590795554.0,,,,,,,,
185634,0x188e4,False,255,2474835,2480037,31,5,12885762889,8590795593,17180730185,(0) Controlled Access Divided,0,0,0,(1) Normal Driving Lane,0,1,1,52,3,5,105,1,1073758208,1073741824,0,1,1,変換成功,有効,1,52131419,0,2,0,0,0,0,2,12885762889,0,17180730185,1,2,861001,4295828297,1,12885762882,1,12885762850.0,,,,,,,,
185634,0x188e4,False,255,2474835,2480037,31,5,17180730185,12885762889,21475697481,(0) Controlled Access Divided,0,0,0,(1) Normal Driving Lane,0,1,1,52,4,5,105,1,1073758208,1073741824,0,1,1,変換成功,有効,1,52131419,0,2,0,0,0,0,2,17180730185,0,25770664777,1,2,861001,4295828297,1,17180730178,1,17180730146.0,,,,,,,,
185634,0x188e4,False,255,2474835,2480037,31,5,21475697481,17180730185,0,(0) Controlled Access Divided,2,1,0,(1) Normal Driving Lane,0,1,0,52,5,5,105,1,1073758208,1073741824,0,1,1,変換成功,有効,1,52131419,0,2,0,0,0,0,2,21475697481,0,30065632073,1,2,861001,4295828297,1,17180730178,1,21475697442.0,,,,,,,,
197982,0x18924,False,362,1170570,1175772,31,5,4295828297,0,8590795593,(0) Controlled Access Divided,0,0,0,(1) Normal Driving Lane,0,0,1,53,1,5,105,1,1073758208,1073741824,0,1,1,変換成功,有効,1,52131419,0,2,0,0,0,0,2,4295828297,0,8590795593,1,2,861001,4295828297,1,4295828290,1,4295828258.0,,,,,,,,
197982,0x18924,False,362,1170570,1175772,31,5,8590795593,4295828297,12885762889,(0) Controlled Access Divided,0,0,0,(1) Normal Driving Lane,0,1,1,52,2,5,105,1,1073758208,1073741824,0,1,1,変換成功,有効,1,52131419,0,2,0,0,0,0,2,8590795593,0,12885762889,1,2,861001,4295828297,1,8590795586,1,8590795554.0,,,,,,,,
197982,0x18924,False,362,1170570,1175772,31,5,12885762889,8590795593,17180730185,(0) Controlled Access Divided,0,0,0,(1) Normal Driving Lane,0,1,1,52,3,5,105,1,1073758208,1073741824,0,1,1,変換成功,有効,1,52131419,0,2,0,0,0,0,2,12885762889,0,17180730185,1,2,861001,4295828297,1,12885762882,1,12885762850.0,,,,,,,,
197982,0x18924,False,362,1170570,1175772,31,5,17180730185,12885762889,21475697481,(0) Controlled Access Divided,0,0,0,(1) Normal Driving Lane,0,1,1,52,4,5,105,1,1073758208,1073741824,0,1,1,変換成功,有効,1,52131419,0,2,0,0,0,0,2,17180730185,0,25770664777,1,2,861001,4295828297,1,17180730178,1,17180730146.0,,,,,,,,
197982,0x18924,False,362,1170570,1175772,31,5,21475697481,17180730185,0,(0) Controlled Access Divided,2,1,0,(1) Normal Driving Lane,0,1,0,52,5,5,105,1,1073758208,1073741824,0,1,1,変換成功,有効,1,52131419,0,2,0,0,0,0,2,21475697481,0,30065632073,1,2,861001,4295828297,1,17180730178,1,21475697442.0,,,,,,,,
206434,0x18930,False,255,2480037,2483439,15,4,4295828290,0,8590795586,(0) Controlled Access Divided,0,0,0,(1) Normal Driving Lane,0,0,1,34,1,4,105,1,1073758208,1073741824,0,1,1,変換成功,有効,1,52131419,0,2,0,0,0,0,2,4295828290,0,8590795586,1,2,860994,4295828290,1,4295828325,1,4295828297.0,,,,,,,,
206434,0x18930,False,255,2480037,2483439,15,4,8590795586,4295828290,12885762882,(0) Controlled Access Divided,0,0,0,(1) Normal Driving Lane,0,1,1,34,2,4,105,1,1073758208,1073741824,0,1,1,変換成功,有効,1,52131419,0,2,0,0,0,0,2,8590795586,0,12885762882,1,2,860994,4295828290,1,8590795621,1,8590795593.0,,,,,,,,
206434,0x18930,False,255,2480037,2483439,15,4,12885762882,8590795586,17180730178,(0) Controlled Access Divided,0,0,0,(1) Normal Driving Lane,0,1,1,34,3,4,105,1,1073758208,1073741824,0,1,1,変換成功,有効,1,52131419,0,2,0,0,0,0,2,12885762882,0,17180730178,1,2,860994,4295828290,1,12885762917,1,12885762889.0,,,,,,,,
206434,0x18930,False,255,2480037,2483439,15,4,17180730178,12885762882,0,(0) Controlled Access Divided,0,0,0,(1) Normal Driving Lane,0,1,0,34,4,4,105,1,1073758208,1073741824,0,1,1,変換成功,有効,1,52131419,0,2,0,0,0,0,2,17180730178,0,21475697474,1,2,860994,4295828290,1,17180730213,2,17180730185.0,,21475697481.0,,,,,,
208162,0x1894a,False,362,1175772,1179174,15,4,4295828290,0,8590795586,(0) Controlled Access Divided,0,0,0,(1) Normal Driving Lane,0,0,1,34,1,4,105,1,1073758208,1073741824,0,1,1,変換成功,有効,1,52131419,0,2,0,0,0,0,2,4295828290,0,8590795586,1,2,860994,4295828290,1,4295828325,1,4295828297.0,,,,,,,,
208162,0x1894a,False,362,1175772,1179174,15,4,8590795586,4295828290,12885762882,(0) Controlled Access Divided,0,0,0,(1) Normal Driving Lane,0,1,1,34,2,4,105,1,1073758208,1073741824,0,1,1,変換成功,有効,1,52131419,0,2,0,0,0,0,2,8590795586,0,12885762882,1,2,860994,4295828290,1,8590795621,1,8590795593.0,,,,,,,,
208162,0x1894a,False,362,1175772,1179174,15,4,12885762882,8590795586,17180730178,(0) Controlled Access Divided,0,0,0,(1) Normal Driving Lane,0,1,1,34,3,4,105,1,1073758208,1073741824,0,1,1,変換成功,有効,1,52131419,0,2,0,0,0,0,2,12885762882,0,17180730178,1,2,860994,4295828290,1,12885762917,1,12885762889.0,,,,,,,,
208162,0x1894a,False,362,1175772,1179174,15,4,17180730178,12885762882,0,(0) Controlled Access Divided,0,0,0,(1) Normal Driving Lane,0,1,0,34,4,4,105,1,1073758208,1073741824,0,1,1,変換成功,有効,1,52131419,0,2,0,0,0,0,2,17180730178,0,21475697474,1,2,860994,4295828290,1,17180730213,2,17180730185.0,,21475697481.0,,,,,,
216412,0x18956,False,255,2483439,2488552,15,4,4295828325,0,8590795621,(0) Controlled Access Divided,0,0,0,(1) Normal Driving Lane,0,0,1,51,1,4,105,1,1073758208,1073741824,0,1,1,変換成功,有効,1,52131419,0,2,0,0,0,0,2,4295828325,0,8590795621,1,2,861029,4295828325,1,4295828372,1,4295828290.0,,,,,,,,
216412,0x18956,False,255,2483439,2488552,15,4,8590795621,4295828325,12885762917,(0) Controlled Access Divided,0,0,0,(1) Normal Driving Lane,0,1,1,51,2,4,105,1,1073758208,1073741824,0,1,1,変換成功,有効,1,52131419,0,2,0,0,0,0,2,8590795621,0,12885762917,1,2,861029,4295828325,1,8590795668,1,8590795586.0,,,,,,,,
216412,0x18956,False,255,2483439,2488552,15,4,12885762917,8590795621,17180730213,(0) Controlled Access Divided,0,0,0,(1) Normal Driving Lane,0,1,1,51,3,4,105,1,1073758208,1073741824,0,1,1,変換成功,有効,1,52131419,0,2,0,0,0,0,2,12885762917,0,17180730213,1,2,861029,4295828325,1,12885762964,1,12885762882.0,,,,,,,,
216412,0x18956,False,255,2483439,2488552,15,4,17180730213,12885762917,0,(0) Controlled Access Divided,0,0,0,(1) Normal Driving Lane,0,1,0,51,4,4,105,1,1073758208,1073741824,0,1,1,変換成功,有効,1,52131419,0,2,0,0,0,0,2,17180730213,0,21475697509,1,2,861029,4295828325,1,17180730260,1,17180730178.0,,,,,,,,
218552,0x18970,False,362,1179174,1184287,15,4,4295828325,0,8590795621,(0) Controlled Access Divided,0,0,0,(1) Normal Driving Lane,0,0,1,51,1,4,105,1,1073758208,1073741824,0,1,1,変換成功,有効,1,52131419,0,2,0,0,0,0,2,4295828325,0,8590795621,1,2,861029,4295828325,1,4295828372,1,4295828290.0,,,,,,,,
218552,0x18970,False,362,1179174,1184287,15,4,8590795621,4295828325,12885762917,(0) Controlled Access Divided,0,0,0,(1) Normal Driving Lane,0,1,1,51,2,4,105,1,1073758208,1073741824,0,1,1,変換成功,有効,1,52131419,0,2,0,0,0,0,2,8590795621,0,12885762917,1,2,861029,4295828325,1,8590795668,1,8590795586.0,,,,,,,,
218552,0x18970,False,362,1179174,1184287,15,4,12885762917,8590795621,17180730213,(0) Controlled Access Divided,0,0,0,(1) Normal Driving Lane,0,1,1,51,3,4,105,1,1073758208,1073741824,0,1,1,変換成功,有効,1,52131419,0,2,0,0,0,0,2,12885762917,0,17180730213,1,2,861029,4295828325,1,12885762964,1,12885762882.0,,,,,,,,
218552,0x18970,False,362,1179174,1184287,15,4,17180730213,12885762917,0,(0) Controlled Access Divided,0,0,0,(1) Normal Driving Lane,0,1,0,51,4,4,105,1,1073758208,1073741824,0,1,1,変換成功,有効,1,52131419,0,2,0,0,0,0,2,17180730213,0,21475697509,1,2,861029,4295828325,1,17180730260,1,17180730178.0,,,,,,,,
236882,0x1898e,False,255,2488552,2494876,15,4,4295828372,0,8590795668,(0) Controlled Access Divided,0,0,0,(1) Normal Driving Lane,0,0,1,63,1,4,105,1,1073758208,1073741824,0,1,1,変換成功,有効,1,52131419,0,2,0,0,0,0,2,4295828372,0,8590795668,1,2,861076,4295828372,1,4295828250,1,4295828325.0,,,,,,,,
236882,0x1898e,False,255,2488552,2494876,15,4,8590795668,4295828372,12885762964,(0) Controlled Access Divided,0,0,0,(1) Normal Driving Lane,0,1,1,63,2,4,105,1,1073758208,1073741824,0,1,1,変換成功,有効,1,52131419,0,2,0,0,0,0,2,8590795668,0,12885762964,1,2,861076,4295828372,1,8590795546,1,8590795621.0,,,,,,,,
236882,0x1898e,False,255,2488552,2494876,15,4,12885762964,8590795668,17180730260,(0) Controlled Access Divided,0,0,0,(1) Normal Driving Lane,0,1,1,63,3,4,105,1,1073758208,1073741824,0,1,1,変換成功,有効,1,52131419,0,2,0,0,0,0,2,12885762964,0,17180730260,1,2,861076,4295828372,1,12885762842,1,12885762917.0,,,,,,,,
236882,0x1898e,False,255,2488552,2494876,15,4,17180730260,12885762964,0,(0) Controlled Access Divided,0,0,0,(1) Normal Driving Lane,0,1,0,63,4,4,105,1,1073758208,1073741824,0,1,1,変換成功,有効,1,52131419,0,2,0,0,0,0,2,17180730260,0,21475697556,1,2,861076,4295828372,1,17180730138,1,17180730213.0,,,,,,,,
238964,0x189a8,False,362,1184287,1190611,15,4,4295828372,0,8590795668,(0) Controlled Access Divided,0,0,0,(1) Normal Driving Lane,0,0,1,63,1,4,105,1,1073758208,1073741824,0,1,1,変換成功,有効,1,52131419,0,2,0,0,0,0,2,4295828372,0,8590795668,1,2,861076,4295828372,1,4295828250,1,4295828325.0,,,,,,,,
238964,0x189a8,False,362,1184287,1190611,15,4,8590795668,4295828372,12885762964,(0) Controlled Access Divided,0,0,0,(1) Normal Driving Lane,0,1,1,63,2,4,105,1,1073758208,1073741824,0,1,1,変換成功,有効,1,52131419,0,2,0,0,0,0,2,8590795668,0,12885762964,1,2,861076,4295828372,1,8590795546,1,8590795621.0,,,,,,,,
238964,0x189a8,False,362,1184287,1190611,15,4,12885762964,8590795668,17180730260,(0) Controlled Access Divided,0,0,0,(1) Normal Driving Lane,0,1,1,63,3,4,105,1,1073758208,1073741824,0,1,1,変換成功,有効,1,52131419,0,2,0,0,0,0,2,12885762964,0,17180730260,1,2,861076,4295828372,1,12885762842,1,12885762917.0,,,,,,,,
238964,0x189a8,False,362,1184287,1190611,15,4,17180730260,12885762964,0,(0) Controlled Access Divided,0,0,0,(1) Normal Driving Lane,0,1,0,63,4,4,105,1,1073758208,1073741824,0,1,1,変換成功,有効,1,52131419,0,2,0,0,0,0,2,17180730260,0,21475697556,1,2,861076,4295828372,1,17180730138,1,17180730213.0,,,,,,,,
267818,0x189dc,False,255,2494876,2510996,31,5,4295828250,0,8590795546,(0) Controlled Access Divided,0,0,0,(1) Normal Driving Lane,0,0,1,161,1,5,105,1,1073758208,1073741824,0,1,1,変換成功,有効,1,52131419,0,2,0,0,0,0,2,4295828250,0,8590795546,1,2,860954,4295828250,1,4295828311,1,4295828372.0,,,,,,,,
267818,0x189dc,False,255,2494876,2510996,31,5,8590795546,4295828250,12885762842,(0) Controlled Access Divided,0,0,0,(1) Normal Driving Lane,0,1,1,161,2,5,105,1,1073758208,1073741824,0,1,1,変換成功,有効,1,52131419,0,2,0,0,0,0,2,8590795546,0,12885762842,1,2,860954,4295828250,1,8590795607,1,8590795668.0,,,,,,,,
267818,0x189dc,False,255,2494876,2510996,31,5,12885762842,8590795546,17180730138,(0) Controlled Access Divided,0,0,0,(1) Normal Driving Lane,0,1,1,161,3,5,105,1,1073758208,1073741824,0,1,1,変換成功,有効,1,52131419,0,2,0,0,0,0,2,12885762842,0,17180730138,1,2,860954,4295828250,1,12885762903,1,12885762964.0,,,,,,,,
267818,0x189dc,False,255,2494876,2510996,31,5,17180730138,12885762842,21475697434,(0) Controlled Access Divided,0,0,0,(1) Normal Driving Lane,0,1,1,161,4,5,105,1,1073758208,1073741824,0,1,1,変換成功,有効,1,52131419,0,2,0,0,0,0,2,17180730138,0,25770664730,1,2,860954,4295828250,1,17180730199,1,17180730260.0,,,,,,,,
267818,0x189dc,False,255,2494876,2510996,31,5,21475697434,17180730138,0,(0) Controlled Access Divided,2,1,0,(1) Normal Driving Lane,0,1,0,161,5,5,105,1,1073758208,1073741824,0,1,1,変換成功,有効,1,52131419,0,2,0,0,0,0,2,21475697434,0,30065632026,1,2,860954,4295828250,1,17180730199,1,4298163548.0,,,,,,,,
267823,0x189e6,False,388,0,6318,1,1,4298163548,0,0,(3) Ramp,0,0,0,(1) Normal Driving Lane,0,0,0,63,1,1,105,1,1073758208,1073741824,0,1,1,変換成功,有効,1,40491193,0,5,0,0,0,0,2,4298163548,0,8593130844,1,2,3196252,4298163548,1,21475697434,1,4298163543.0,,,,,,,,
267913,0x189f0,False,388,6318,10931,1,1,4298163543,0,0,(3) Ramp,0,0,0,(1) Normal Driving Lane,0,0,0,46,1,1,105,1,1073758208,1073741824,0,1,1,変換成功,有効,1,40491193,0,5,0,0,0,0,2,4298163543,0,8593130839,1,2,3196247,4298163543,1,4298163548,1,4298163539.0,,,,,,,,
267918,0x189fa,False,388,10931,19652,1,1,4298163539,0,0,(3) Ramp,0,0,0,(1) Normal Driving Lane,0,0,0,87,1,1,105,1,1073758208,1073741824,0,1,1,変換成功,有効,1,40491193,0,5,0,0,0,0,2,4298163539,0,8593130835,1,2,3196243,4298163539,1,4298163543,1,4298163550.0,,,,,,,,
268169,0x18a04,False,388,19652,33250,1,1,4298163550,0,0,(3) Ramp,0,0,0,(1) Normal Driving Lane,0,0,0,136,1,1,105,1,1073758208,1073741824,0,1,1,変換成功,有効,2,40491193,0,5,0,0,0,0,2,4298163550,0,8593130846,1,2,3196254,4298163550,1,4298163539,1,4297346976.0,,,406480748,0,5,0,,
268264,0x18a0e,False,388,33250,33548,1,1,4297346976,0,0,(3) Ramp,0,0,0,(1) Normal Driving Lane,0,0,0,3,1,1,105,1,1073758208,1073741824,0,1,1,変換成功,有効,1,406480748,0,5,0,0,0,0,2,4297346976,0,8592314272,1,2,2379680,4297346976,1,4298163550,1,4297346975.0,,,,,,,,
268266,0x18a18,False,388,33548,33748,1,1,4297346975,0,0,(3) Ramp,0,0,0,(1) Normal Driving Lane,0,0,0,2,1,1,105,1,1073758208,1073741824,0,1,1,変換成功,有効,1,406480748,0,5,0,0,0,0,2,4297346975,0,8592314271,1,2,2379679,4297346975,1,4297346976,1,4297346974.0,,,,,,,,
268273,0x18a22,False,388,33748,33948,1,1,4297346974,0,0,(3) Ramp,0,0,0,(1) Normal Driving Lane,0,0,0,2,1,1,105,1,1073758208,1073741824,0,1,1,変換成功,有効,1,406480748,0,5,0,0,0,0,2,4297346974,0,8592314270,1,2,2379678,4297346974,1,4297346975,1,4297346973.0,,,,,,,,
268374,0x18a2c,False,388,33948,35346,1,1,4297346973,0,0,(3) Ramp,0,0,0,(1) Normal Driving Lane,0,0,0,14,1,1,105,1,1073758208,1073741824,0,1,1,変換成功,有効,1,406480748,0,5,0,0,0,0,2,4297346973,0,8592314269,1,2,2379677,4297346973,1,4297346974,0,,,,,,,,,
269866,0x18a46,False,362,1190611,1206731,31,5,4295828250,0,8590795546,(0) Controlled Access Divided,0,0,0,(1) Normal Driving Lane,0,0,1,161,1,5,105,1,1073758208,1073741824,0,1,1,変換成功,有効,1,52131419,0,2,0,0,0,0,2,4295828250,0,8590795546,1,2,860954,4295828250,1,4295828311,1,4295828372.0,,,,,,,,
269866,0x18a46,False,362,1190611,1206731,31,5,8590795546,4295828250,12885762842,(0) Controlled Access Divided,0,0,0,(1) Normal Driving Lane,0,1,1,161,2,5,105,1,1073758208,1073741824,0,1,1,変換成功,有効,1,52131419,0,2,0,0,0,0,2,8590795546,0,12885762842,1,2,860954,4295828250,1,8590795607,1,8590795668.0,,,,,,,,
269866,0x18a46,False,362,1190611,1206731,31,5,12885762842,8590795546,17180730138,(0) Controlled Access Divided,0,0,0,(1) Normal Driving Lane,0,1,1,161,3,5,105,1,1073758208,1073741824,0,1,1,変換成功,有効,1,52131419,0,2,0,0,0,0,2,12885762842,0,17180730138,1,2,860954,4295828250,1,12885762903,1,12885762964.0,,,,,,,,
269866,0x18a46,False,362,1190611,1206731,31,5,17180730138,12885762842,21475697434,(0) Controlled Access Divided,0,0,0,(1) Normal Driving Lane,0,1,1,161,4,5,105,1,1073758208,1073741824,0,1,1,変換成功,有効,1,52131419,0,2,0,0,0,0,2,17180730138,0,25770664730,1,2,860954,4295828250,1,17180730199,1,17180730260.0,,,,,,,,
269866,0x18a46,False,362,1190611,1206731,31,5,21475697434,17180730138,0,(0) Controlled Access Divided,2,1,0,(1) Normal Driving Lane,0,1,0,161,5,5,105,1,1073758208,1073741824,0,1,1,変換成功,有効,1,52131419,0,2,0,0,0,0,2,21475697434,0,30065632026,1,2,860954,4295828250,1,17180730199,1,4298163548.0,,,,,,,,
269986,0x18a50,False,389,0,6318,1,1,4298163548,0,0,(3) Ramp,0,0,0,(1) Normal Driving Lane,0,0,0,63,1,1,105,1,1073758208,1073741824,0,1,1,変換成功,有効,1,40491193,0,5,0,0,0,0,2,4298163548,0,8593130844,1,2,3196252,4298163548,1,21475697434,1,4298163543.0,,,,,,,,
270006,0x18a5a,False,389,6318,10931,1,1,4298163543,0,0,(3) Ramp,0,0,0,(1) Normal Driving Lane,0,0,0,46,1,1,105,1,1073758208,1073741824,0,1,1,変換成功,有効,1,40491193,0,5,0,0,0,0,2,4298163543,0,8593130839,1,2,3196247,4298163543,1,4298163548,1,4298163539.0,,,,,,,,
270074,0x18a64,False,389,10931,19652,1,1,4298163539,0,0,(3) Ramp,0,0,0,(1) Normal Driving Lane,0,0,0,87,1,1,105,1,1073758208,1073741824,0,1,1,変換成功,有効,1,40491193,0,5,0,0,0,0,2,4298163539,0,8593130835,1,2,3196243,4298163539,1,4298163543,1,4298163550.0,,,,,,,,
270353,0x18a6e,False,389,19652,33250,1,1,4298163550,0,0,(3) Ramp,0,0,0,(1) Normal Driving Lane,0,0,0,136,1,1,105,1,1073758208,1073741824,0,1,1,変換成功,有効,2,40491193,0,5,0,0,0,0,2,4298163550,0,8593130846,1,2,3196254,4298163550,1,4298163539,1,4297346976.0,,,406480748,0,5,0,,
270355,0x18a78,False,389,33250,33548,1,1,4297346976,0,0,(3) Ramp,0,0,0,(1) Normal Driving Lane,0,0,0,3,1,1,105,1,1073758208,1073741824,0,1,1,変換成功,有効,1,406480748,0,5,0,0,0,0,2,4297346976,0,8592314272,1,2,2379680,4297346976,1,4298163550,1,4297346975.0,,,,,,,,
270456,0x18a82,False,389,33548,33748,1,1,4297346975,0,0,(3) Ramp,0,0,0,(1) Normal Driving Lane,0,0,0,2,1,1,105,1,1073758208,1073741824,0,1,1,変換成功,有効,1,406480748,0,5,0,0,0,0,2,4297346975,0,8592314271,1,2,2379679,4297346975,1,4297346976,1,4297346974.0,,,,,,,,
270463,0x18a8c,False,389,33748,33948,1,1,4297346974,0,0,(3) Ramp,0,0,0,(1) Normal Driving Lane,0,0,0,2,1,1,105,1,1073758208,1073741824,0,1,1,変換成功,有効,1,406480748,0,5,0,0,0,0,2,4297346974,0,8592314270,1,2,2379678,4297346974,1,4297346975,1,4297346973.0,,,,,,,,
270471,0x18a96,False,389,33948,35346,1,1,4297346973,0,0,(3) Ramp,0,0,0,(1) Normal Driving Lane,0,0,0,14,1,1,105,1,1073758208,1073741824,0,1,1,変換成功,有効,1,406480748,0,5,0,0,0,0,2,4297346973,0,8592314269,1,2,2379677,4297346973,1,4297346974,0,,,,,,,,,
339898,0x18b78,False,255,2510996,2541058,15,4,4295828311,0,8590795607,(0) Controlled Access Divided,0,0,0,(1) Normal Driving Lane,0,0,1,300,1,4,105,1,1073758208,1073741824,0,1,1,変換成功,有効,1,52131419,0,2,0,0,0,1,2,4295828311,0,8590795607,1,2,861015,4295828311,1,4295828355,1,4295828250.0,3.7410024142480216e+16,,,,,,,
339898,0x18b78,False,255,2510996,2541058,15,4,8590795607,4295828311,12885762903,(0) Controlled Access Divided,0,0,0,(1) Normal Driving Lane,0,1,1,300,2,4,105,1,1073758208,1073741824,0,1,1,変換成功,有効,1,52131419,0,2,0,0,0,1,2,8590795607,0,12885762903,1,2,861015,4295828311,1,8590795651,1,8590795546.0,3.7410024142480216e+16,,,,,,,
339898,0x18b78,False,255,2510996,2541058,15,4,12885762903,8590795607,17180730199,(0) Controlled Access Divided,0,0,0,(1) Normal Driving Lane,0,1,1,301,3,4,105,1,1073758208,1073741824,0,1,1,変換成功,有効,1,52131419,0,2,0,0,0,1,2,12885762903,0,17180730199,1,2,861015,4295828311,1,12885762947,1,12885762842.0,3.7410024142480216e+16,,,,,,,
339898,0x18b78,False,255,2510996,2541058,15,4,17180730199,12885762903,0,(0) Controlled Access Divided,0,0,0,(1) Normal Driving Lane,0,1,0,302,4,4,105,1,1073758208,1073741824,0,1,1,変換成功,有効,1,52131419,0,2,0,0,0,1,2,17180730199,0,21475697495,1,2,861015,4295828311,1,17180730243,2,17180730138.0,3.7410024142480216e+16,21475697434.0,,,,,,
341939,0x18b93,False,362,1206731,1236793,15,4,4295828311,0,8590795607,(0) Controlled Access Divided,0,0,0,(1) Normal Driving Lane,0,0,1,300,1,4,105,1,1073758208,1073741824,0,1,1,変換成功,有効,1,52131419,0,2,0,0,0,1,2,4295828311,0,8590795607,1,2,861015,4295828311,1,4295828355,1,4295828250.0,3.7410024142480216e+16,,,,,,,
341939,0x18b93,False,362,1206731,1236793,15,4,8590795607,4295828311,12885762903,(0) Controlled Access Divided,0,0,0,(1) Normal Driving Lane,0,1,1,300,2,4,105,1,1073758208,1073741824,0,1,1,変換成功,有効,1,52131419,0,2,0,0,0,1,2,8590795607,0,12885762903,1,2,861015,4295828311,1,8590795651,1,8590795546.0,3.7410024142480216e+16,,,,,,,
341939,0x18b93,False,362,1206731,1236793,15,4,12885762903,8590795607,17180730199,(0) Controlled Access Divided,0,0,0,(1) Normal Driving Lane,0,1,1,301,3,4,105,1,1073758208,1073741824,0,1,1,変換成功,有効,1,52131419,0,2,0,0,0,1,2,12885762903,0,17180730199,1,2,861015,4295828311,1,12885762947,1,12885762842.0,3.7410024142480216e+16,,,,,,,
341939,0x18b93,False,362,1206731,1236793,15,4,17180730199,12885762903,0,(0) Controlled Access Divided,0,0,0,(1) Normal Driving Lane,0,1,0,302,4,4,105,1,1073758208,1073741824,0,1,1,変換成功,有効,1,52131419,0,2,0,0,0,1,2,17180730199,0,21475697495,1,2,861015,4295828311,1,17180730243,2,17180730138.0,3.7410024142480216e+16,21475697434.0,,,,,,
483475,0x18d72,False,255,2541058,2571060,15,4,4295828355,0,8590795651,(0) Controlled Access Divided,0,0,0,(1) Normal Driving Lane,0,0,1,300,1,4,105,1,1073758208,1073741824,0,1,1,変換成功,有効,1,52131419,0,2,0,0,0,0,2,4295828355,0,8590795651,1,2,861059,4295828355,1,4295828394,1,4295828311.0,,,,,,,,
483475,0x18d72,False,255,2541058,2571060,15,4,8590795651,4295828355,12885762947,(0) Controlled Access Divided,0,0,0,(1) Normal Driving Lane,0,1,1,300,2,4,105,1,1073758208,1073741824,0,1,1,変換成功,有効,1,52131419,0,2,0,0,0,0,2,8590795651,0,12885762947,1,2,861059,4295828355,1,8590795690,1,8590795607.0,,,,,,,,
483475,0x18d72,False,255,2541058,2571060,15,4,12885762947,8590795651,17180730243,(0) Controlled Access Divided,0,0,0,(1) Normal Driving Lane,0,1,1,300,3,4,105,1,1073758208,1073741824,0,1,1,変換成功,有効,1,52131419,0,2,0,0,0,0,2,12885762947,0,17180730243,1,2,861059,4295828355,1,12885762986,1,12885762903.0,,,,,,,,
483475,0x18d72,False,255,2541058,2571060,15,4,17180730243,12885762947,0,(0) Controlled Access Divided,0,0,0,(1) Normal Driving Lane,0,1,0,300,4,4,105,1,1073758208,1073741824,0,1,1,変換成功,有効,1,52131419,0,2,0,0,0,0,2,17180730243,0,21475697539,1,2,861059,4295828355,1,17180730282,1,17180730199.0,,,,,,,,
485510,0x18d8c,False,362,1236793,1266795,15,4,4295828355,0,8590795651,(0) Controlled Access Divided,0,0,0,(1) Normal Driving Lane,0,0,1,300,1,4,105,1,1073758208,1073741824,0,1,1,変換成功,有効,1,52131419,0,2,0,0,0,0,2,4295828355,0,8590795651,1,2,861059,4295828355,1,4295828394,1,4295828311.0,,,,,,,,
485510,0x18d8c,False,362,1236793,1266795,15,4,8590795651,4295828355,12885762947,(0) Controlled Access Divided,0,0,0,(1) Normal Driving Lane,0,1,1,300,2,4,105,1,1073758208,1073741824,0,1,1,変換成功,有効,1,52131419,0,2,0,0,0,0,2,8590795651,0,12885762947,1,2,861059,4295828355,1,8590795690,1,8590795607.0,,,,,,,,
485510,0x18d8c,False,362,1236793,1266795,15,4,12885762947,8590795651,17180730243,(0) Controlled Access Divided,0,0,0,(1) Normal Driving Lane,0,1,1,300,3,4,105,1,1073758208,1073741824,0,1,1,変換成功,有効,1,52131419,0,2,0,0,0,0,2,12885762947,0,17180730243,1,2,861059,4295828355,1,12885762986,1,12885762903.0,,,,,,,,
485510,0x18d8c,False,362,1236793,1266795,15,4,17180730243,12885762947,0,(0) Controlled Access Divided,0,0,0,(1) Normal Driving Lane,0,1,0,300,4,4,105,1,1073758208,1073741824,0,1,1,変換成功,有効,1,52131419,0,2,0,0,0,0,2,17180730243,0,21475697539,1,2,861059,4295828355,1,17180730282,1,17180730199.0,,,,,,,,
596156,0x18fe5,False,255,2571060,2601044,15,4,4295828394,0,8590795690,(0) Controlled Access Divided,0,0,0,(1) Normal Driving Lane,0,0,1,300,1,4,105,1,1073758208,1073741824,0,1,1,変換成功,有効,1,52131419,0,2,0,0,0,3,2,4295828394,0,8590795690,1,2,861098,4295828394,1,4295828442,1,4295828355.0,3.741014010659729e+16,,,,,,3.741017876130295e+16,3.7410217416008616e+16
596156,0x18fe5,False,255,2571060,2601044,15,4,8590795690,4295828394,12885762986,(0) Controlled Access Divided,0,0,0,(1) Normal Driving Lane,0,1,1,300,2,4,105,1,1073758208,1073741824,0,1,1,変換成功,有効,1,52131419,0,2,0,0,0,3,2,8590795690,0,12885762986,1,2,861098,4295828394,1,8590795738,1,8590795651.0,3.741014010659729e+16,,,,,,3.741017876130295e+16,3.7410217416008616e+16
596156,0x18fe5,False,255,2571060,2601044,15,4,12885762986,8590795690,17180730282,(0) Controlled Access Divided,0,0,0,(1) Normal Driving Lane,0,1,1,300,3,4,105,1,1073758208,1073741824,0,1,1,変換成功,有効,1,52131419,0,2,0,0,0,3,2,12885762986,0,17180730282,1,2,861098,4295828394,1,12885763034,1,12885762947.0,3.741014010659729e+16,,,,,,3.741017876130295e+16,3.7410217416008616e+16
596156,0x18fe5,False,255,2571060,2601044,15,4,17180730282,12885762986,0,(0) Controlled Access Divided,0,0,0,(1) Normal Driving Lane,0,1,0,300,4,4,105,1,1073758208,1073741824,0,1,1,変換成功,有効,1,52131419,0,2,0,0,0,3,2,17180730282,0,21475697578,1,2,861098,4295828394,1,17180730330,1,17180730243.0,3.741014010659729e+16,,,,,,3.741017876130295e+16,3.7410217416008616e+16
598197,0x19001,False,362,1266795,1296779,15,4,4295828394,0,8590795690,(0) Controlled Access Divided,0,0,0,(1) Normal Driving Lane,0,0,1,300,1,4,105,1,1073758208,1073741824,0,1,1,変換成功,有効,1,52131419,0,2,0,0,0,3,2,4295828394,0,8590795690,1,2,861098,4295828394,1,4295828442,1,4295828355.0,3.741014010659729e+16,,,,,,3.741017876130295e+16,3.7410217416008616e+16
598197,0x19001,False,362,1266795,1296779,15,4,8590795690,4295828394,12885762986,(0) Controlled Access Divided,0,0,0,(1) Normal Driving Lane,0,1,1,300,2,4,105,1,1073758208,1073741824,0,1,1,変換成功,有効,1,52131419,0,2,0,0,0,3,2,8590795690,0,12885762986,1,2,861098,4295828394,1,8590795738,1,8590795651.0,3.741014010659729e+16,,,,,,3.741017876130295e+16,3.7410217416008616e+16
598197,0x19001,False,362,1266795,1296779,15,4,12885762986,8590795690,17180730282,(0) Controlled Access Divided,0,0,0,(1) Normal Driving Lane,0,1,1,300,3,4,105,1,1073758208,1073741824,0,1,1,変換成功,有効,1,52131419,0,2,0,0,0,3,2,12885762986,0,17180730282,1,2,861098,4295828394,1,12885763034,1,12885762947.0,3.741014010659729e+16,,,,,,3.741017876130295e+16,3.7410217416008616e+16
598197,0x19001,False,362,1266795,1296779,15,4,17180730282,12885762986,0,(0) Controlled Access Divided,0,0,0,(1) Normal Driving Lane,0,1,0,300,4,4,105,1,1073758208,1073741824,0,1,1,変換成功,有効,1,52131419,0,2,0,0,0,3,2,17180730282,0,21475697578,1,2,861098,4295828394,1,17180730330,1,17180730243.0,3.741014010659729e+16,,,,,,3.741017876130295e+16,3.7410217416008616e+16
