logTime,Instance ID,Is Retransmission,Path Id,Offset[cm],End Offset[cm],Lane Number,路肩幅員情報数,形状要素インデックス,左側路肩幅員値[cm],右側路肩幅員値[cm]
5815,0x3fbbf,False,285,2373538,2379470,7,3,0,264,0
5815,0x3fbbf,False,285,2373538,2379470,7,3,1,267,0
5815,0x3fbbf,False,285,2373538,2379470,7,3,2,277,0
5815,0x3fbbf,False,285,2373538,2379470,7,3,3,303,0
5815,0x3fbbf,False,285,2373538,2379470,7,3,4,256,0
5815,0x3fbbf,False,285,2373538,2379470,7,3,5,258,0
5815,0x3fbbf,False,285,2373538,2379470,7,3,6,263,0
5815,0x3fbbf,False,285,2373538,2379470,7,3,7,273,0
5815,0x3fbbf,False,285,2373538,2379470,7,3,8,281,0
5815,0x3fbbf,False,285,2373538,2379470,7,3,9,276,0
5815,0x3fbbf,False,285,2373538,2379470,7,3,10,309,0
5815,0x3fbbf,False,285,2373538,2379470,7,3,11,315,0
5815,0x3fbbf,False,285,2373538,2379470,7,3,12,273,0
5815,0x3fbbf,False,285,2373538,2379470,7,3,13,265,0
5815,0x3fbbf,False,285,2373538,2379470,7,3,0,0,58
5815,0x3fbbf,False,285,2373538,2379470,7,3,1,0,55
5815,0x3fbbf,False,285,2373538,2379470,7,3,2,0,63
5815,0x3fbbf,False,285,2373538,2379470,7,3,3,0,46
5815,0x3fbbf,False,285,2373538,2379470,7,3,4,0,46
5815,0x3fbbf,False,285,2373538,2379470,7,3,5,0,47
5815,0x3fbbf,False,285,2373538,2379470,7,3,6,0,47
5815,0x3fbbf,False,285,2373538,2379470,7,3,7,0,46
5815,0x3fbbf,False,285,2373538,2379470,7,3,8,0,48
5815,0x3fbbf,False,285,2373538,2379470,7,3,9,0,51
5815,0x3fbbf,False,285,2373538,2379470,7,3,10,0,49
5815,0x3fbbf,False,285,2373538,2379470,7,3,11,0,41
5815,0x3fbbf,False,285,2373538,2379470,7,3,12,0,38
5815,0x3fbbf,False,285,2373538,2379470,7,3,13,0,48
43208,0x3fbff,False,292,2373538,2379470,7,3,0,264,0
43208,0x3fbff,False,292,2373538,2379470,7,3,1,267,0
43208,0x3fbff,False,292,2373538,2379470,7,3,2,277,0
43208,0x3fbff,False,292,2373538,2379470,7,3,3,303,0
43208,0x3fbff,False,292,2373538,2379470,7,3,4,256,0
43208,0x3fbff,False,292,2373538,2379470,7,3,5,258,0
43208,0x3fbff,False,292,2373538,2379470,7,3,6,263,0
43208,0x3fbff,False,292,2373538,2379470,7,3,7,273,0
43208,0x3fbff,False,292,2373538,2379470,7,3,8,281,0
43208,0x3fbff,False,292,2373538,2379470,7,3,9,276,0
43208,0x3fbff,False,292,2373538,2379470,7,3,10,309,0
43208,0x3fbff,False,292,2373538,2379470,7,3,11,315,0
43208,0x3fbff,False,292,2373538,2379470,7,3,12,273,0
43208,0x3fbff,False,292,2373538,2379470,7,3,13,265,0
43208,0x3fbff,False,292,2373538,2379470,7,3,0,0,58
43208,0x3fbff,False,292,2373538,2379470,7,3,1,0,55
43208,0x3fbff,False,292,2373538,2379470,7,3,2,0,63
43208,0x3fbff,False,292,2373538,2379470,7,3,3,0,46
43208,0x3fbff,False,292,2373538,2379470,7,3,4,0,46
43208,0x3fbff,False,292,2373538,2379470,7,3,5,0,47
43208,0x3fbff,False,292,2373538,2379470,7,3,6,0,47
43208,0x3fbff,False,292,2373538,2379470,7,3,7,0,46
43208,0x3fbff,False,292,2373538,2379470,7,3,8,0,48
43208,0x3fbff,False,292,2373538,2379470,7,3,9,0,51
43208,0x3fbff,False,292,2373538,2379470,7,3,10,0,49
43208,0x3fbff,False,292,2373538,2379470,7,3,11,0,41
43208,0x3fbff,False,292,2373538,2379470,7,3,12,0,38
43208,0x3fbff,False,292,2373538,2379470,7,3,13,0,48
72424,0x3fc13,False,285,2379470,2387488,7,3,0,265,0
72424,0x3fc13,False,285,2379470,2387488,7,3,1,262,0
72424,0x3fc13,False,285,2379470,2387488,7,3,2,263,0
72424,0x3fc13,False,285,2379470,2387488,7,3,3,265,0
72424,0x3fc13,False,285,2379470,2387488,7,3,4,263,0
72424,0x3fc13,False,285,2379470,2387488,7,3,5,265,0
72424,0x3fc13,False,285,2379470,2387488,7,3,6,282,0
72424,0x3fc13,False,285,2379470,2387488,7,3,7,269,0
72424,0x3fc13,False,285,2379470,2387488,7,3,8,263,0
72424,0x3fc13,False,285,2379470,2387488,7,3,9,265,0
72424,0x3fc13,False,285,2379470,2387488,7,3,10,261,0
72424,0x3fc13,False,285,2379470,2387488,7,3,11,262,0
72424,0x3fc13,False,285,2379470,2387488,7,3,12,266,0
72424,0x3fc13,False,285,2379470,2387488,7,3,13,263,0
72424,0x3fc13,False,285,2379470,2387488,7,3,14,265,0
72424,0x3fc13,False,285,2379470,2387488,7,3,15,267,0
72424,0x3fc13,False,285,2379470,2387488,7,3,16,285,0
72424,0x3fc13,False,285,2379470,2387488,7,3,0,0,48
72424,0x3fc13,False,285,2379470,2387488,7,3,1,0,53
72424,0x3fc13,False,285,2379470,2387488,7,3,2,0,54
72424,0x3fc13,False,285,2379470,2387488,7,3,3,0,64
72424,0x3fc13,False,285,2379470,2387488,7,3,4,0,60
72424,0x3fc13,False,285,2379470,2387488,7,3,5,0,47
72424,0x3fc13,False,285,2379470,2387488,7,3,6,0,57
72424,0x3fc13,False,285,2379470,2387488,7,3,7,0,59
72424,0x3fc13,False,285,2379470,2387488,7,3,8,0,50
72424,0x3fc13,False,285,2379470,2387488,7,3,9,0,51
72424,0x3fc13,False,285,2379470,2387488,7,3,10,0,47
72424,0x3fc13,False,285,2379470,2387488,7,3,11,0,40
72424,0x3fc13,False,285,2379470,2387488,7,3,12,0,51
72424,0x3fc13,False,285,2379470,2387488,7,3,13,0,35
72424,0x3fc13,False,285,2379470,2387488,7,3,14,0,36
72424,0x3fc13,False,285,2379470,2387488,7,3,15,0,36
72424,0x3fc13,False,285,2379470,2387488,7,3,16,0,46
109603,0x3fc2b,False,292,2379470,2387488,7,3,0,265,0
109603,0x3fc2b,False,292,2379470,2387488,7,3,1,262,0
109603,0x3fc2b,False,292,2379470,2387488,7,3,2,263,0
109603,0x3fc2b,False,292,2379470,2387488,7,3,3,265,0
109603,0x3fc2b,False,292,2379470,2387488,7,3,4,263,0
109603,0x3fc2b,False,292,2379470,2387488,7,3,5,265,0
109603,0x3fc2b,False,292,2379470,2387488,7,3,6,282,0
109603,0x3fc2b,False,292,2379470,2387488,7,3,7,269,0
109603,0x3fc2b,False,292,2379470,2387488,7,3,8,263,0
109603,0x3fc2b,False,292,2379470,2387488,7,3,9,265,0
109603,0x3fc2b,False,292,2379470,2387488,7,3,10,261,0
109603,0x3fc2b,False,292,2379470,2387488,7,3,11,262,0
109603,0x3fc2b,False,292,2379470,2387488,7,3,12,266,0
109603,0x3fc2b,False,292,2379470,2387488,7,3,13,263,0
109603,0x3fc2b,False,292,2379470,2387488,7,3,14,265,0
109603,0x3fc2b,False,292,2379470,2387488,7,3,15,267,0
109603,0x3fc2b,False,292,2379470,2387488,7,3,16,285,0
109603,0x3fc2b,False,292,2379470,2387488,7,3,0,0,48
109603,0x3fc2b,False,292,2379470,2387488,7,3,1,0,53
109603,0x3fc2b,False,292,2379470,2387488,7,3,2,0,54
109603,0x3fc2b,False,292,2379470,2387488,7,3,3,0,64
109603,0x3fc2b,False,292,2379470,2387488,7,3,4,0,60
109603,0x3fc2b,False,292,2379470,2387488,7,3,5,0,47
109603,0x3fc2b,False,292,2379470,2387488,7,3,6,0,57
109603,0x3fc2b,False,292,2379470,2387488,7,3,7,0,59
109603,0x3fc2b,False,292,2379470,2387488,7,3,8,0,50
109603,0x3fc2b,False,292,2379470,2387488,7,3,9,0,51
109603,0x3fc2b,False,292,2379470,2387488,7,3,10,0,47
109603,0x3fc2b,False,292,2379470,2387488,7,3,11,0,40
109603,0x3fc2b,False,292,2379470,2387488,7,3,12,0,51
109603,0x3fc2b,False,292,2379470,2387488,7,3,13,0,35
109603,0x3fc2b,False,292,2379470,2387488,7,3,14,0,36
109603,0x3fc2b,False,292,2379470,2387488,7,3,15,0,36
109603,0x3fc2b,False,292,2379470,2387488,7,3,16,0,46
206181,0x3fc7a,False,285,2387488,2393487,7,3,0,285,0
206181,0x3fc7a,False,285,2387488,2393487,7,3,1,299,0
206181,0x3fc7a,False,285,2387488,2393487,7,3,2,272,0
206181,0x3fc7a,False,285,2387488,2393487,7,3,3,262,0
206181,0x3fc7a,False,285,2387488,2393487,7,3,4,260,0
206181,0x3fc7a,False,285,2387488,2393487,7,3,5,258,0
206181,0x3fc7a,False,285,2387488,2393487,7,3,6,261,0
206181,0x3fc7a,False,285,2387488,2393487,7,3,7,263,0
206181,0x3fc7a,False,285,2387488,2393487,7,3,8,263,0
206181,0x3fc7a,False,285,2387488,2393487,7,3,9,262,0
206181,0x3fc7a,False,285,2387488,2393487,7,3,10,266,0
206181,0x3fc7a,False,285,2387488,2393487,7,3,12,274,0
206181,0x3fc7a,False,285,2387488,2393487,7,3,13,281,0
206181,0x3fc7a,False,285,2387488,2393487,7,3,0,0,46
206181,0x3fc7a,False,285,2387488,2393487,7,3,1,0,47
206181,0x3fc7a,False,285,2387488,2393487,7,3,2,0,48
206181,0x3fc7a,False,285,2387488,2393487,7,3,3,0,47
206181,0x3fc7a,False,285,2387488,2393487,7,3,4,0,44
206181,0x3fc7a,False,285,2387488,2393487,7,3,5,0,48
206181,0x3fc7a,False,285,2387488,2393487,7,3,6,0,53
206181,0x3fc7a,False,285,2387488,2393487,7,3,7,0,55
206181,0x3fc7a,False,285,2387488,2393487,7,3,8,0,50
206181,0x3fc7a,False,285,2387488,2393487,7,3,9,0,51
206181,0x3fc7a,False,285,2387488,2393487,7,3,10,0,55
206181,0x3fc7a,False,285,2387488,2393487,7,3,12,0,54
206181,0x3fc7a,False,285,2387488,2393487,7,3,13,0,57
209726,0x3fc85,False,292,2387488,2393487,7,3,0,285,0
209726,0x3fc85,False,292,2387488,2393487,7,3,1,299,0
209726,0x3fc85,False,292,2387488,2393487,7,3,2,272,0
209726,0x3fc85,False,292,2387488,2393487,7,3,3,262,0
209726,0x3fc85,False,292,2387488,2393487,7,3,4,260,0
209726,0x3fc85,False,292,2387488,2393487,7,3,5,258,0
209726,0x3fc85,False,292,2387488,2393487,7,3,6,261,0
209726,0x3fc85,False,292,2387488,2393487,7,3,7,263,0
209726,0x3fc85,False,292,2387488,2393487,7,3,8,263,0
209726,0x3fc85,False,292,2387488,2393487,7,3,9,262,0
209726,0x3fc85,False,292,2387488,2393487,7,3,10,266,0
209726,0x3fc85,False,292,2387488,2393487,7,3,12,274,0
209726,0x3fc85,False,292,2387488,2393487,7,3,13,281,0
209726,0x3fc85,False,292,2387488,2393487,7,3,0,0,46
209726,0x3fc85,False,292,2387488,2393487,7,3,1,0,47
209726,0x3fc85,False,292,2387488,2393487,7,3,2,0,48
209726,0x3fc85,False,292,2387488,2393487,7,3,3,0,47
209726,0x3fc85,False,292,2387488,2393487,7,3,4,0,44
209726,0x3fc85,False,292,2387488,2393487,7,3,5,0,48
209726,0x3fc85,False,292,2387488,2393487,7,3,6,0,53
209726,0x3fc85,False,292,2387488,2393487,7,3,7,0,55
209726,0x3fc85,False,292,2387488,2393487,7,3,8,0,50
209726,0x3fc85,False,292,2387488,2393487,7,3,9,0,51
209726,0x3fc85,False,292,2387488,2393487,7,3,10,0,55
209726,0x3fc85,False,292,2387488,2393487,7,3,12,0,54
209726,0x3fc85,False,292,2387488,2393487,7,3,13,0,57
272720,0x3fcc8,False,285,2393487,2401480,7,3,0,281,0
272720,0x3fcc8,False,285,2393487,2401480,7,3,1,277,0
272720,0x3fcc8,False,285,2393487,2401480,7,3,2,272,0
272720,0x3fcc8,False,285,2393487,2401480,7,3,3,268,0
272720,0x3fcc8,False,285,2393487,2401480,7,3,4,262,0
272720,0x3fcc8,False,285,2393487,2401480,7,3,5,267,0
272720,0x3fcc8,False,285,2393487,2401480,7,3,6,267,0
272720,0x3fcc8,False,285,2393487,2401480,7,3,7,265,0
272720,0x3fcc8,False,285,2393487,2401480,7,3,8,265,0
272720,0x3fcc8,False,285,2393487,2401480,7,3,9,265,0
272720,0x3fcc8,False,285,2393487,2401480,7,3,10,292,0
272720,0x3fcc8,False,285,2393487,2401480,7,3,11,290,0
272720,0x3fcc8,False,285,2393487,2401480,7,3,12,283,0
272720,0x3fcc8,False,285,2393487,2401480,7,3,13,276,0
272720,0x3fcc8,False,285,2393487,2401480,7,3,14,280,0
272720,0x3fcc8,False,285,2393487,2401480,7,3,15,278,0
272720,0x3fcc8,False,285,2393487,2401480,7,3,16,278,0
272720,0x3fcc8,False,285,2393487,2401480,7,3,17,281,0
272720,0x3fcc8,False,285,2393487,2401480,7,3,0,0,57
272720,0x3fcc8,False,285,2393487,2401480,7,3,1,0,59
272720,0x3fcc8,False,285,2393487,2401480,7,3,2,0,61
272720,0x3fcc8,False,285,2393487,2401480,7,3,3,0,62
272720,0x3fcc8,False,285,2393487,2401480,7,3,4,0,64
272720,0x3fcc8,False,285,2393487,2401480,7,3,5,0,66
272720,0x3fcc8,False,285,2393487,2401480,7,3,6,0,67
272720,0x3fcc8,False,285,2393487,2401480,7,3,7,0,61
272720,0x3fcc8,False,285,2393487,2401480,7,3,8,0,58
272720,0x3fcc8,False,285,2393487,2401480,7,3,9,0,64
272720,0x3fcc8,False,285,2393487,2401480,7,3,10,0,66
272720,0x3fcc8,False,285,2393487,2401480,7,3,11,0,59
272720,0x3fcc8,False,285,2393487,2401480,7,3,12,0,57
272720,0x3fcc8,False,285,2393487,2401480,7,3,13,0,61
272720,0x3fcc8,False,285,2393487,2401480,7,3,14,0,60
272720,0x3fcc8,False,285,2393487,2401480,7,3,15,0,57
272720,0x3fcc8,False,285,2393487,2401480,7,3,16,0,57
272720,0x3fcc8,False,285,2393487,2401480,7,3,17,0,57
310900,0x3fcdf,False,292,2393487,2401480,7,3,0,281,0
310900,0x3fcdf,False,292,2393487,2401480,7,3,1,277,0
310900,0x3fcdf,False,292,2393487,2401480,7,3,2,272,0
310900,0x3fcdf,False,292,2393487,2401480,7,3,3,268,0
310900,0x3fcdf,False,292,2393487,2401480,7,3,4,262,0
310900,0x3fcdf,False,292,2393487,2401480,7,3,5,267,0
310900,0x3fcdf,False,292,2393487,2401480,7,3,6,267,0
310900,0x3fcdf,False,292,2393487,2401480,7,3,7,265,0
310900,0x3fcdf,False,292,2393487,2401480,7,3,8,265,0
310900,0x3fcdf,False,292,2393487,2401480,7,3,9,265,0
310900,0x3fcdf,False,292,2393487,2401480,7,3,10,292,0
310900,0x3fcdf,False,292,2393487,2401480,7,3,11,290,0
310900,0x3fcdf,False,292,2393487,2401480,7,3,12,283,0
310900,0x3fcdf,False,292,2393487,2401480,7,3,13,276,0
310900,0x3fcdf,False,292,2393487,2401480,7,3,14,280,0
310900,0x3fcdf,False,292,2393487,2401480,7,3,15,278,0
310900,0x3fcdf,False,292,2393487,2401480,7,3,16,278,0
310900,0x3fcdf,False,292,2393487,2401480,7,3,17,281,0
310900,0x3fcdf,False,292,2393487,2401480,7,3,0,0,57
310900,0x3fcdf,False,292,2393487,2401480,7,3,1,0,59
310900,0x3fcdf,False,292,2393487,2401480,7,3,2,0,61
310900,0x3fcdf,False,292,2393487,2401480,7,3,3,0,62
310900,0x3fcdf,False,292,2393487,2401480,7,3,4,0,64
310900,0x3fcdf,False,292,2393487,2401480,7,3,5,0,66
310900,0x3fcdf,False,292,2393487,2401480,7,3,6,0,67
310900,0x3fcdf,False,292,2393487,2401480,7,3,7,0,61
310900,0x3fcdf,False,292,2393487,2401480,7,3,8,0,58
310900,0x3fcdf,False,292,2393487,2401480,7,3,9,0,64
310900,0x3fcdf,False,292,2393487,2401480,7,3,10,0,66
310900,0x3fcdf,False,292,2393487,2401480,7,3,11,0,59
310900,0x3fcdf,False,292,2393487,2401480,7,3,12,0,57
310900,0x3fcdf,False,292,2393487,2401480,7,3,13,0,61
310900,0x3fcdf,False,292,2393487,2401480,7,3,14,0,60
310900,0x3fcdf,False,292,2393487,2401480,7,3,15,0,57
310900,0x3fcdf,False,292,2393487,2401480,7,3,16,0,57
310900,0x3fcdf,False,292,2393487,2401480,7,3,17,0,57
405943,0x3fd2e,False,285,2401480,2409461,7,3,0,281,0
405943,0x3fd2e,False,285,2401480,2409461,7,3,1,280,0
405943,0x3fd2e,False,285,2401480,2409461,7,3,2,279,0
405943,0x3fd2e,False,285,2401480,2409461,7,3,3,279,0
405943,0x3fd2e,False,285,2401480,2409461,7,3,4,278,0
405943,0x3fd2e,False,285,2401480,2409461,7,3,5,278,0
405943,0x3fd2e,False,285,2401480,2409461,7,3,6,278,0
405943,0x3fd2e,False,285,2401480,2409461,7,3,7,275,0
405943,0x3fd2e,False,285,2401480,2409461,7,3,8,258,0
405943,0x3fd2e,False,285,2401480,2409461,7,3,9,253,0
405943,0x3fd2e,False,285,2401480,2409461,7,3,10,252,0
405943,0x3fd2e,False,285,2401480,2409461,7,3,11,251,0
405943,0x3fd2e,False,285,2401480,2409461,7,3,12,252,0
405943,0x3fd2e,False,285,2401480,2409461,7,3,13,252,0
405943,0x3fd2e,False,285,2401480,2409461,7,3,14,248,0
405943,0x3fd2e,False,285,2401480,2409461,7,3,15,247,0
405943,0x3fd2e,False,285,2401480,2409461,7,3,16,248,0
405943,0x3fd2e,False,285,2401480,2409461,7,3,17,248,0
405943,0x3fd2e,False,285,2401480,2409461,7,3,0,0,57
405943,0x3fd2e,False,285,2401480,2409461,7,3,1,0,59
405943,0x3fd2e,False,285,2401480,2409461,7,3,2,0,52
405943,0x3fd2e,False,285,2401480,2409461,7,3,3,0,58
405943,0x3fd2e,False,285,2401480,2409461,7,3,4,0,60
405943,0x3fd2e,False,285,2401480,2409461,7,3,5,0,64
405943,0x3fd2e,False,285,2401480,2409461,7,3,6,0,56
405943,0x3fd2e,False,285,2401480,2409461,7,3,7,0,56
405943,0x3fd2e,False,285,2401480,2409461,7,3,8,0,63
405943,0x3fd2e,False,285,2401480,2409461,7,3,9,0,65
405943,0x3fd2e,False,285,2401480,2409461,7,3,10,0,61
405943,0x3fd2e,False,285,2401480,2409461,7,3,11,0,62
405943,0x3fd2e,False,285,2401480,2409461,7,3,12,0,66
405943,0x3fd2e,False,285,2401480,2409461,7,3,13,0,66
405943,0x3fd2e,False,285,2401480,2409461,7,3,14,0,71
405943,0x3fd2e,False,285,2401480,2409461,7,3,15,0,71
405943,0x3fd2e,False,285,2401480,2409461,7,3,16,0,71
405943,0x3fd2e,False,285,2401480,2409461,7,3,17,0,71
409482,0x3fd39,False,292,2401480,2409461,7,3,0,281,0
409482,0x3fd39,False,292,2401480,2409461,7,3,1,280,0
409482,0x3fd39,False,292,2401480,2409461,7,3,2,279,0
409482,0x3fd39,False,292,2401480,2409461,7,3,3,279,0
409482,0x3fd39,False,292,2401480,2409461,7,3,4,278,0
409482,0x3fd39,False,292,2401480,2409461,7,3,5,278,0
409482,0x3fd39,False,292,2401480,2409461,7,3,6,278,0
409482,0x3fd39,False,292,2401480,2409461,7,3,7,275,0
409482,0x3fd39,False,292,2401480,2409461,7,3,8,258,0
409482,0x3fd39,False,292,2401480,2409461,7,3,9,253,0
409482,0x3fd39,False,292,2401480,2409461,7,3,10,252,0
409482,0x3fd39,False,292,2401480,2409461,7,3,11,251,0
409482,0x3fd39,False,292,2401480,2409461,7,3,12,252,0
409482,0x3fd39,False,292,2401480,2409461,7,3,13,252,0
409482,0x3fd39,False,292,2401480,2409461,7,3,14,248,0
409482,0x3fd39,False,292,2401480,2409461,7,3,15,247,0
409482,0x3fd39,False,292,2401480,2409461,7,3,16,248,0
409482,0x3fd39,False,292,2401480,2409461,7,3,17,248,0
409482,0x3fd39,False,292,2401480,2409461,7,3,0,0,57
409482,0x3fd39,False,292,2401480,2409461,7,3,1,0,59
409482,0x3fd39,False,292,2401480,2409461,7,3,2,0,52
409482,0x3fd39,False,292,2401480,2409461,7,3,3,0,58
409482,0x3fd39,False,292,2401480,2409461,7,3,4,0,60
409482,0x3fd39,False,292,2401480,2409461,7,3,5,0,64
409482,0x3fd39,False,292,2401480,2409461,7,3,6,0,56
409482,0x3fd39,False,292,2401480,2409461,7,3,7,0,56
409482,0x3fd39,False,292,2401480,2409461,7,3,8,0,63
409482,0x3fd39,False,292,2401480,2409461,7,3,9,0,65
409482,0x3fd39,False,292,2401480,2409461,7,3,10,0,61
409482,0x3fd39,False,292,2401480,2409461,7,3,11,0,62
409482,0x3fd39,False,292,2401480,2409461,7,3,12,0,66
409482,0x3fd39,False,292,2401480,2409461,7,3,13,0,66
409482,0x3fd39,False,292,2401480,2409461,7,3,14,0,71
409482,0x3fd39,False,292,2401480,2409461,7,3,15,0,71
409482,0x3fd39,False,292,2401480,2409461,7,3,16,0,71
409482,0x3fd39,False,292,2401480,2409461,7,3,17,0,71
506388,0x3fd8a,False,285,2409461,2417460,7,3,0,248,0
506388,0x3fd8a,False,285,2409461,2417460,7,3,1,252,0
506388,0x3fd8a,False,285,2409461,2417460,7,3,2,257,0
506388,0x3fd8a,False,285,2409461,2417460,7,3,3,262,0
506388,0x3fd8a,False,285,2409461,2417460,7,3,4,264,0
506388,0x3fd8a,False,285,2409461,2417460,7,3,5,263,0
506388,0x3fd8a,False,285,2409461,2417460,7,3,6,262,0
506388,0x3fd8a,False,285,2409461,2417460,7,3,7,257,0
506388,0x3fd8a,False,285,2409461,2417460,7,3,8,254,0
506388,0x3fd8a,False,285,2409461,2417460,7,3,9,257,0
506388,0x3fd8a,False,285,2409461,2417460,7,3,10,259,0
506388,0x3fd8a,False,285,2409461,2417460,7,3,11,261,0
506388,0x3fd8a,False,285,2409461,2417460,7,3,12,259,0
506388,0x3fd8a,False,285,2409461,2417460,7,3,13,260,0
506388,0x3fd8a,False,285,2409461,2417460,7,3,14,260,0
506388,0x3fd8a,False,285,2409461,2417460,7,3,15,257,0
506388,0x3fd8a,False,285,2409461,2417460,7,3,16,258,0
506388,0x3fd8a,False,285,2409461,2417460,7,3,17,260,0
506388,0x3fd8a,False,285,2409461,2417460,7,3,0,0,71
506388,0x3fd8a,False,285,2409461,2417460,7,3,1,0,71
506388,0x3fd8a,False,285,2409461,2417460,7,3,2,0,73
506388,0x3fd8a,False,285,2409461,2417460,7,3,3,0,65
506388,0x3fd8a,False,285,2409461,2417460,7,3,4,0,66
506388,0x3fd8a,False,285,2409461,2417460,7,3,5,0,67
506388,0x3fd8a,False,285,2409461,2417460,7,3,6,0,66
506388,0x3fd8a,False,285,2409461,2417460,7,3,7,0,71
506388,0x3fd8a,False,285,2409461,2417460,7,3,8,0,64
506388,0x3fd8a,False,285,2409461,2417460,7,3,9,0,60
506388,0x3fd8a,False,285,2409461,2417460,7,3,10,0,63
506388,0x3fd8a,False,285,2409461,2417460,7,3,11,0,67
506388,0x3fd8a,False,285,2409461,2417460,7,3,12,0,68
506388,0x3fd8a,False,285,2409461,2417460,7,3,13,0,72
506388,0x3fd8a,False,285,2409461,2417460,7,3,14,0,72
506388,0x3fd8a,False,285,2409461,2417460,7,3,15,0,74
506388,0x3fd8a,False,285,2409461,2417460,7,3,16,0,72
506388,0x3fd8a,False,285,2409461,2417460,7,3,17,0,72
510192,0x3fd95,False,292,2409461,2417460,7,3,0,248,0
510192,0x3fd95,False,292,2409461,2417460,7,3,1,252,0
510192,0x3fd95,False,292,2409461,2417460,7,3,2,257,0
510192,0x3fd95,False,292,2409461,2417460,7,3,3,262,0
510192,0x3fd95,False,292,2409461,2417460,7,3,4,264,0
510192,0x3fd95,False,292,2409461,2417460,7,3,5,263,0
510192,0x3fd95,False,292,2409461,2417460,7,3,6,262,0
510192,0x3fd95,False,292,2409461,2417460,7,3,7,257,0
510192,0x3fd95,False,292,2409461,2417460,7,3,8,254,0
510192,0x3fd95,False,292,2409461,2417460,7,3,9,257,0
510192,0x3fd95,False,292,2409461,2417460,7,3,10,259,0
510192,0x3fd95,False,292,2409461,2417460,7,3,11,261,0
510192,0x3fd95,False,292,2409461,2417460,7,3,12,259,0
510192,0x3fd95,False,292,2409461,2417460,7,3,13,260,0
510192,0x3fd95,False,292,2409461,2417460,7,3,14,260,0
510192,0x3fd95,False,292,2409461,2417460,7,3,15,257,0
510192,0x3fd95,False,292,2409461,2417460,7,3,16,258,0
510192,0x3fd95,False,292,2409461,2417460,7,3,17,260,0
510192,0x3fd95,False,292,2409461,2417460,7,3,0,0,71
510192,0x3fd95,False,292,2409461,2417460,7,3,1,0,71
510192,0x3fd95,False,292,2409461,2417460,7,3,2,0,73
510192,0x3fd95,False,292,2409461,2417460,7,3,3,0,65
510192,0x3fd95,False,292,2409461,2417460,7,3,4,0,66
510192,0x3fd95,False,292,2409461,2417460,7,3,5,0,67
510192,0x3fd95,False,292,2409461,2417460,7,3,6,0,66
510192,0x3fd95,False,292,2409461,2417460,7,3,7,0,71
510192,0x3fd95,False,292,2409461,2417460,7,3,8,0,64
510192,0x3fd95,False,292,2409461,2417460,7,3,9,0,60
510192,0x3fd95,False,292,2409461,2417460,7,3,10,0,63
510192,0x3fd95,False,292,2409461,2417460,7,3,11,0,67
510192,0x3fd95,False,292,2409461,2417460,7,3,12,0,68
510192,0x3fd95,False,292,2409461,2417460,7,3,13,0,72
510192,0x3fd95,False,292,2409461,2417460,7,3,14,0,72
510192,0x3fd95,False,292,2409461,2417460,7,3,15,0,74
510192,0x3fd95,False,292,2409461,2417460,7,3,16,0,72
510192,0x3fd95,False,292,2409461,2417460,7,3,17,0,72
606983,0x3fde9,False,285,2417460,2425265,7,3,0,260,0
606983,0x3fde9,False,285,2417460,2425265,7,3,1,258,0
606983,0x3fde9,False,285,2417460,2425265,7,3,2,261,0
606983,0x3fde9,False,285,2417460,2425265,7,3,3,267,0
606983,0x3fde9,False,285,2417460,2425265,7,3,4,266,0
606983,0x3fde9,False,285,2417460,2425265,7,3,5,270,0
606983,0x3fde9,False,285,2417460,2425265,7,3,6,276,0
606983,0x3fde9,False,285,2417460,2425265,7,3,7,275,0
606983,0x3fde9,False,285,2417460,2425265,7,3,8,271,0
606983,0x3fde9,False,285,2417460,2425265,7,3,9,267,0
606983,0x3fde9,False,285,2417460,2425265,7,3,10,266,0
606983,0x3fde9,False,285,2417460,2425265,7,3,11,268,0
606983,0x3fde9,False,285,2417460,2425265,7,3,12,270,0
606983,0x3fde9,False,285,2417460,2425265,7,3,13,268,0
606983,0x3fde9,False,285,2417460,2425265,7,3,14,276,0
606983,0x3fde9,False,285,2417460,2425265,7,3,16,302,0
606983,0x3fde9,False,285,2417460,2425265,7,3,17,311,0
606983,0x3fde9,False,285,2417460,2425265,7,3,18,311,0
606983,0x3fde9,False,285,2417460,2425265,7,3,0,0,72
606983,0x3fde9,False,285,2417460,2425265,7,3,1,0,75
606983,0x3fde9,False,285,2417460,2425265,7,3,2,0,72
606983,0x3fde9,False,285,2417460,2425265,7,3,3,0,76
606983,0x3fde9,False,285,2417460,2425265,7,3,4,0,78
606983,0x3fde9,False,285,2417460,2425265,7,3,5,0,70
606983,0x3fde9,False,285,2417460,2425265,7,3,6,0,71
606983,0x3fde9,False,285,2417460,2425265,7,3,7,0,74
606983,0x3fde9,False,285,2417460,2425265,7,3,8,0,69
606983,0x3fde9,False,285,2417460,2425265,7,3,9,0,68
606983,0x3fde9,False,285,2417460,2425265,7,3,10,0,64
606983,0x3fde9,False,285,2417460,2425265,7,3,11,0,67
606983,0x3fde9,False,285,2417460,2425265,7,3,12,0,74
606983,0x3fde9,False,285,2417460,2425265,7,3,13,0,73
606983,0x3fde9,False,285,2417460,2425265,7,3,14,0,72
606983,0x3fde9,False,285,2417460,2425265,7,3,16,0,71
606983,0x3fde9,False,285,2417460,2425265,7,3,17,0,70
606983,0x3fde9,False,285,2417460,2425265,7,3,18,0,67
610132,0x3fdf5,False,292,2417460,2425265,7,3,0,260,0
610132,0x3fdf5,False,292,2417460,2425265,7,3,1,258,0
610132,0x3fdf5,False,292,2417460,2425265,7,3,2,261,0
610132,0x3fdf5,False,292,2417460,2425265,7,3,3,267,0
610132,0x3fdf5,False,292,2417460,2425265,7,3,4,266,0
610132,0x3fdf5,False,292,2417460,2425265,7,3,5,270,0
610132,0x3fdf5,False,292,2417460,2425265,7,3,6,276,0
610132,0x3fdf5,False,292,2417460,2425265,7,3,7,275,0
610132,0x3fdf5,False,292,2417460,2425265,7,3,8,271,0
610132,0x3fdf5,False,292,2417460,2425265,7,3,9,267,0
610132,0x3fdf5,False,292,2417460,2425265,7,3,10,266,0
610132,0x3fdf5,False,292,2417460,2425265,7,3,11,268,0
610132,0x3fdf5,False,292,2417460,2425265,7,3,12,270,0
610132,0x3fdf5,False,292,2417460,2425265,7,3,13,268,0
610132,0x3fdf5,False,292,2417460,2425265,7,3,14,276,0
610132,0x3fdf5,False,292,2417460,2425265,7,3,16,302,0
610132,0x3fdf5,False,292,2417460,2425265,7,3,17,311,0
610132,0x3fdf5,False,292,2417460,2425265,7,3,18,311,0
610132,0x3fdf5,False,292,2417460,2425265,7,3,0,0,72
610132,0x3fdf5,False,292,2417460,2425265,7,3,1,0,75
610132,0x3fdf5,False,292,2417460,2425265,7,3,2,0,72
610132,0x3fdf5,False,292,2417460,2425265,7,3,3,0,76
610132,0x3fdf5,False,292,2417460,2425265,7,3,4,0,78
610132,0x3fdf5,False,292,2417460,2425265,7,3,5,0,70
610132,0x3fdf5,False,292,2417460,2425265,7,3,6,0,71
610132,0x3fdf5,False,292,2417460,2425265,7,3,7,0,74
610132,0x3fdf5,False,292,2417460,2425265,7,3,8,0,69
610132,0x3fdf5,False,292,2417460,2425265,7,3,9,0,68
610132,0x3fdf5,False,292,2417460,2425265,7,3,10,0,64
610132,0x3fdf5,False,292,2417460,2425265,7,3,11,0,67
610132,0x3fdf5,False,292,2417460,2425265,7,3,12,0,74
610132,0x3fdf5,False,292,2417460,2425265,7,3,13,0,73
610132,0x3fdf5,False,292,2417460,2425265,7,3,14,0,72
610132,0x3fdf5,False,292,2417460,2425265,7,3,16,0,71
610132,0x3fdf5,False,292,2417460,2425265,7,3,17,0,70
610132,0x3fdf5,False,292,2417460,2425265,7,3,18,0,67
706825,0x3fe32,False,285,2425265,2432609,7,3,0,311,0
706825,0x3fe32,False,285,2425265,2432609,7,3,1,309,0
706825,0x3fe32,False,285,2425265,2432609,7,3,2,306,0
706825,0x3fe32,False,285,2425265,2432609,7,3,3,305,0
706825,0x3fe32,False,285,2425265,2432609,7,3,4,308,0
706825,0x3fe32,False,285,2425265,2432609,7,3,5,307,0
706825,0x3fe32,False,285,2425265,2432609,7,3,6,311,0
706825,0x3fe32,False,285,2425265,2432609,7,3,7,311,0
706825,0x3fe32,False,285,2425265,2432609,7,3,8,309,0
706825,0x3fe32,False,285,2425265,2432609,7,3,9,310,0
706825,0x3fe32,False,285,2425265,2432609,7,3,10,306,0
706825,0x3fe32,False,285,2425265,2432609,7,3,11,302,0
706825,0x3fe32,False,285,2425265,2432609,7,3,13,302,0
706825,0x3fe32,False,285,2425265,2432609,7,3,14,302,0
706825,0x3fe32,False,285,2425265,2432609,7,3,15,302,0
706825,0x3fe32,False,285,2425265,2432609,7,3,16,297,0
706825,0x3fe32,False,285,2425265,2432609,7,3,17,316,0
706825,0x3fe32,False,285,2425265,2432609,7,3,0,0,67
706825,0x3fe32,False,285,2425265,2432609,7,3,1,0,67
706825,0x3fe32,False,285,2425265,2432609,7,3,2,0,67
706825,0x3fe32,False,285,2425265,2432609,7,3,3,0,66
706825,0x3fe32,False,285,2425265,2432609,7,3,4,0,64
706825,0x3fe32,False,285,2425265,2432609,7,3,5,0,63
706825,0x3fe32,False,285,2425265,2432609,7,3,7,0,62
706825,0x3fe32,False,285,2425265,2432609,7,3,8,0,63
706825,0x3fe32,False,285,2425265,2432609,7,3,9,0,64
706825,0x3fe32,False,285,2425265,2432609,7,3,10,0,64
706825,0x3fe32,False,285,2425265,2432609,7,3,11,0,67
706825,0x3fe32,False,285,2425265,2432609,7,3,12,0,66
706825,0x3fe32,False,285,2425265,2432609,7,3,13,0,72
706825,0x3fe32,False,285,2425265,2432609,7,3,14,0,63
706825,0x3fe32,False,285,2425265,2432609,7,3,15,0,66
706825,0x3fe32,False,285,2425265,2432609,7,3,16,0,65
706825,0x3fe32,False,285,2425265,2432609,7,3,17,0,64
743784,0x3fe85,False,292,2425265,2432609,7,3,0,311,0
743784,0x3fe85,False,292,2425265,2432609,7,3,1,309,0
743784,0x3fe85,False,292,2425265,2432609,7,3,2,306,0
743784,0x3fe85,False,292,2425265,2432609,7,3,3,305,0
743784,0x3fe85,False,292,2425265,2432609,7,3,4,308,0
743784,0x3fe85,False,292,2425265,2432609,7,3,5,307,0
743784,0x3fe85,False,292,2425265,2432609,7,3,6,311,0
743784,0x3fe85,False,292,2425265,2432609,7,3,7,311,0
743784,0x3fe85,False,292,2425265,2432609,7,3,8,309,0
743784,0x3fe85,False,292,2425265,2432609,7,3,9,310,0
743784,0x3fe85,False,292,2425265,2432609,7,3,10,306,0
743784,0x3fe85,False,292,2425265,2432609,7,3,11,302,0
743784,0x3fe85,False,292,2425265,2432609,7,3,13,302,0
743784,0x3fe85,False,292,2425265,2432609,7,3,14,302,0
743784,0x3fe85,False,292,2425265,2432609,7,3,15,302,0
743784,0x3fe85,False,292,2425265,2432609,7,3,16,297,0
743784,0x3fe85,False,292,2425265,2432609,7,3,17,316,0
743784,0x3fe85,False,292,2425265,2432609,7,3,0,0,67
743784,0x3fe85,False,292,2425265,2432609,7,3,1,0,67
743784,0x3fe85,False,292,2425265,2432609,7,3,2,0,67
743784,0x3fe85,False,292,2425265,2432609,7,3,3,0,66
743784,0x3fe85,False,292,2425265,2432609,7,3,4,0,64
743784,0x3fe85,False,292,2425265,2432609,7,3,5,0,63
743784,0x3fe85,False,292,2425265,2432609,7,3,7,0,62
743784,0x3fe85,False,292,2425265,2432609,7,3,8,0,63
743784,0x3fe85,False,292,2425265,2432609,7,3,9,0,64
743784,0x3fe85,False,292,2425265,2432609,7,3,10,0,64
743784,0x3fe85,False,292,2425265,2432609,7,3,11,0,67
743784,0x3fe85,False,292,2425265,2432609,7,3,12,0,66
743784,0x3fe85,False,292,2425265,2432609,7,3,13,0,72
743784,0x3fe85,False,292,2425265,2432609,7,3,14,0,63
743784,0x3fe85,False,292,2425265,2432609,7,3,15,0,66
743784,0x3fe85,False,292,2425265,2432609,7,3,16,0,65
743784,0x3fe85,False,292,2425265,2432609,7,3,17,0,64
811770,0x3fece,False,292,2432609,2440520,7,3,0,316,0
811770,0x3fece,False,292,2432609,2440520,7,3,1,314,0
811770,0x3fece,False,292,2432609,2440520,7,3,2,311,0
811770,0x3fece,False,292,2432609,2440520,7,3,3,307,0
811770,0x3fece,False,292,2432609,2440520,7,3,4,303,0
811770,0x3fece,False,292,2432609,2440520,7,3,5,297,0
811770,0x3fece,False,292,2432609,2440520,7,3,6,259,0
811770,0x3fece,False,292,2432609,2440520,7,3,7,261,0
811770,0x3fece,False,292,2432609,2440520,7,3,8,256,0
811770,0x3fece,False,292,2432609,2440520,7,3,9,259,0
811770,0x3fece,False,292,2432609,2440520,7,3,10,245,0
811770,0x3fece,False,292,2432609,2440520,7,3,11,255,0
811770,0x3fece,False,292,2432609,2440520,7,3,12,259,0
811770,0x3fece,False,292,2432609,2440520,7,3,13,258,0
811770,0x3fece,False,292,2432609,2440520,7,3,14,264,0
811770,0x3fece,False,292,2432609,2440520,7,3,15,265,0
811770,0x3fece,False,292,2432609,2440520,7,3,16,265,0
811770,0x3fece,False,292,2432609,2440520,7,3,17,263,0
811770,0x3fece,False,292,2432609,2440520,7,3,0,0,64
811770,0x3fece,False,292,2432609,2440520,7,3,1,0,62
811770,0x3fece,False,292,2432609,2440520,7,3,2,0,61
811770,0x3fece,False,292,2432609,2440520,7,3,3,0,64
811770,0x3fece,False,292,2432609,2440520,7,3,4,0,67
811770,0x3fece,False,292,2432609,2440520,7,3,5,0,62
811770,0x3fece,False,292,2432609,2440520,7,3,6,0,64
811770,0x3fece,False,292,2432609,2440520,7,3,7,0,66
811770,0x3fece,False,292,2432609,2440520,7,3,8,0,66
811770,0x3fece,False,292,2432609,2440520,7,3,9,0,67
811770,0x3fece,False,292,2432609,2440520,7,3,10,0,67
811770,0x3fece,False,292,2432609,2440520,7,3,11,0,64
811770,0x3fece,False,292,2432609,2440520,7,3,12,0,63
811770,0x3fece,False,292,2432609,2440520,7,3,13,0,65
811770,0x3fece,False,292,2432609,2440520,7,3,14,0,67
811770,0x3fece,False,292,2432609,2440520,7,3,15,0,64
811770,0x3fece,False,292,2432609,2440520,7,3,16,0,57
811770,0x3fece,False,292,2432609,2440520,7,3,17,0,52
840240,0x3ff0f,False,285,2432609,2440520,7,3,0,316,0
840240,0x3ff0f,False,285,2432609,2440520,7,3,1,314,0
840240,0x3ff0f,False,285,2432609,2440520,7,3,2,311,0
840240,0x3ff0f,False,285,2432609,2440520,7,3,3,307,0
840240,0x3ff0f,False,285,2432609,2440520,7,3,4,303,0
840240,0x3ff0f,False,285,2432609,2440520,7,3,5,297,0
840240,0x3ff0f,False,285,2432609,2440520,7,3,6,259,0
840240,0x3ff0f,False,285,2432609,2440520,7,3,7,261,0
840240,0x3ff0f,False,285,2432609,2440520,7,3,8,256,0
840240,0x3ff0f,False,285,2432609,2440520,7,3,9,259,0
840240,0x3ff0f,False,285,2432609,2440520,7,3,10,245,0
840240,0x3ff0f,False,285,2432609,2440520,7,3,11,255,0
840240,0x3ff0f,False,285,2432609,2440520,7,3,12,259,0
840240,0x3ff0f,False,285,2432609,2440520,7,3,13,258,0
840240,0x3ff0f,False,285,2432609,2440520,7,3,14,264,0
840240,0x3ff0f,False,285,2432609,2440520,7,3,15,265,0
840240,0x3ff0f,False,285,2432609,2440520,7,3,16,265,0
840240,0x3ff0f,False,285,2432609,2440520,7,3,17,263,0
840240,0x3ff0f,False,285,2432609,2440520,7,3,0,0,64
840240,0x3ff0f,False,285,2432609,2440520,7,3,1,0,62
840240,0x3ff0f,False,285,2432609,2440520,7,3,2,0,61
840240,0x3ff0f,False,285,2432609,2440520,7,3,3,0,64
840240,0x3ff0f,False,285,2432609,2440520,7,3,4,0,67
840240,0x3ff0f,False,285,2432609,2440520,7,3,5,0,62
840240,0x3ff0f,False,285,2432609,2440520,7,3,6,0,64
840240,0x3ff0f,False,285,2432609,2440520,7,3,7,0,66
840240,0x3ff0f,False,285,2432609,2440520,7,3,8,0,66
840240,0x3ff0f,False,285,2432609,2440520,7,3,9,0,67
840240,0x3ff0f,False,285,2432609,2440520,7,3,10,0,67
840240,0x3ff0f,False,285,2432609,2440520,7,3,11,0,64
840240,0x3ff0f,False,285,2432609,2440520,7,3,12,0,63
840240,0x3ff0f,False,285,2432609,2440520,7,3,13,0,65
840240,0x3ff0f,False,285,2432609,2440520,7,3,14,0,67
840240,0x3ff0f,False,285,2432609,2440520,7,3,15,0,64
840240,0x3ff0f,False,285,2432609,2440520,7,3,16,0,57
840240,0x3ff0f,False,285,2432609,2440520,7,3,17,0,52
940224,0x3ff78,False,285,2440520,2448488,7,3,0,263,0
940224,0x3ff78,False,285,2440520,2448488,7,3,1,254,0
940224,0x3ff78,False,285,2440520,2448488,7,3,2,260,0
940224,0x3ff78,False,285,2440520,2448488,7,3,3,259,0
940224,0x3ff78,False,285,2440520,2448488,7,3,4,257,0
940224,0x3ff78,False,285,2440520,2448488,7,3,5,250,0
940224,0x3ff78,False,285,2440520,2448488,7,3,6,243,0
940224,0x3ff78,False,285,2440520,2448488,7,3,7,244,0
940224,0x3ff78,False,285,2440520,2448488,7,3,8,252,0
940224,0x3ff78,False,285,2440520,2448488,7,3,9,256,0
940224,0x3ff78,False,285,2440520,2448488,7,3,10,250,0
940224,0x3ff78,False,285,2440520,2448488,7,3,11,253,0
940224,0x3ff78,False,285,2440520,2448488,7,3,12,254,0
940224,0x3ff78,False,285,2440520,2448488,7,3,13,275,0
940224,0x3ff78,False,285,2440520,2448488,7,3,14,280,0
940224,0x3ff78,False,285,2440520,2448488,7,3,15,292,0
940224,0x3ff78,False,285,2440520,2448488,7,3,16,321,0
940224,0x3ff78,False,285,2440520,2448488,7,3,0,0,52
940224,0x3ff78,False,285,2440520,2448488,7,3,1,0,49
940224,0x3ff78,False,285,2440520,2448488,7,3,2,0,51
940224,0x3ff78,False,285,2440520,2448488,7,3,3,0,55
940224,0x3ff78,False,285,2440520,2448488,7,3,4,0,57
940224,0x3ff78,False,285,2440520,2448488,7,3,5,0,56
940224,0x3ff78,False,285,2440520,2448488,7,3,6,0,55
940224,0x3ff78,False,285,2440520,2448488,7,3,7,0,56
940224,0x3ff78,False,285,2440520,2448488,7,3,8,0,58
940224,0x3ff78,False,285,2440520,2448488,7,3,9,0,56
940224,0x3ff78,False,285,2440520,2448488,7,3,10,0,55
940224,0x3ff78,False,285,2440520,2448488,7,3,11,0,49
940224,0x3ff78,False,285,2440520,2448488,7,3,12,0,47
940224,0x3ff78,False,285,2440520,2448488,7,3,13,0,44
940224,0x3ff78,False,285,2440520,2448488,7,3,14,0,42
940224,0x3ff78,False,285,2440520,2448488,7,3,15,0,42
940224,0x3ff78,False,285,2440520,2448488,7,3,16,0,40
978159,0x3ffb7,False,292,2440520,2448488,7,3,0,263,0
978159,0x3ffb7,False,292,2440520,2448488,7,3,1,254,0
978159,0x3ffb7,False,292,2440520,2448488,7,3,2,260,0
978159,0x3ffb7,False,292,2440520,2448488,7,3,3,259,0
978159,0x3ffb7,False,292,2440520,2448488,7,3,4,257,0
978159,0x3ffb7,False,292,2440520,2448488,7,3,5,250,0
978159,0x3ffb7,False,292,2440520,2448488,7,3,6,243,0
978159,0x3ffb7,False,292,2440520,2448488,7,3,7,244,0
978159,0x3ffb7,False,292,2440520,2448488,7,3,8,252,0
978159,0x3ffb7,False,292,2440520,2448488,7,3,9,256,0
978159,0x3ffb7,False,292,2440520,2448488,7,3,10,250,0
978159,0x3ffb7,False,292,2440520,2448488,7,3,11,253,0
978159,0x3ffb7,False,292,2440520,2448488,7,3,12,254,0
978159,0x3ffb7,False,292,2440520,2448488,7,3,13,275,0
978159,0x3ffb7,False,292,2440520,2448488,7,3,14,280,0
978159,0x3ffb7,False,292,2440520,2448488,7,3,15,292,0
978159,0x3ffb7,False,292,2440520,2448488,7,3,16,321,0
978159,0x3ffb7,False,292,2440520,2448488,7,3,0,0,52
978159,0x3ffb7,False,292,2440520,2448488,7,3,1,0,49
978159,0x3ffb7,False,292,2440520,2448488,7,3,2,0,51
978159,0x3ffb7,False,292,2440520,2448488,7,3,3,0,55
978159,0x3ffb7,False,292,2440520,2448488,7,3,4,0,57
978159,0x3ffb7,False,292,2440520,2448488,7,3,5,0,56
978159,0x3ffb7,False,292,2440520,2448488,7,3,6,0,55
978159,0x3ffb7,False,292,2440520,2448488,7,3,7,0,56
978159,0x3ffb7,False,292,2440520,2448488,7,3,8,0,58
978159,0x3ffb7,False,292,2440520,2448488,7,3,9,0,56
978159,0x3ffb7,False,292,2440520,2448488,7,3,10,0,55
978159,0x3ffb7,False,292,2440520,2448488,7,3,11,0,49
978159,0x3ffb7,False,292,2440520,2448488,7,3,12,0,47
978159,0x3ffb7,False,292,2440520,2448488,7,3,13,0,44
978159,0x3ffb7,False,292,2440520,2448488,7,3,14,0,42
978159,0x3ffb7,False,292,2440520,2448488,7,3,15,0,42
978159,0x3ffb7,False,292,2440520,2448488,7,3,16,0,40
1006422,0x40010,False,285,2448488,2456494,7,3,0,321,0
1006422,0x40010,False,285,2448488,2456494,7,3,1,322,0
1006422,0x40010,False,285,2448488,2456494,7,3,2,315,0
1006422,0x40010,False,285,2448488,2456494,7,3,3,314,0
1006422,0x40010,False,285,2448488,2456494,7,3,4,298,0
1006422,0x40010,False,285,2448488,2456494,7,3,5,290,0
1006422,0x40010,False,285,2448488,2456494,7,3,6,281,0
1006422,0x40010,False,285,2448488,2456494,7,3,7,281,0
1006422,0x40010,False,285,2448488,2456494,7,3,8,300,0
1006422,0x40010,False,285,2448488,2456494,7,3,9,303,0
1006422,0x40010,False,285,2448488,2456494,7,3,10,306,0
1006422,0x40010,False,285,2448488,2456494,7,3,11,301,0
1006422,0x40010,False,285,2448488,2456494,7,3,12,307,0
1006422,0x40010,False,285,2448488,2456494,7,3,13,313,0
1006422,0x40010,False,285,2448488,2456494,7,3,15,308,0
1006422,0x40010,False,285,2448488,2456494,7,3,16,308,0
1006422,0x40010,False,285,2448488,2456494,7,3,0,0,40
1006422,0x40010,False,285,2448488,2456494,7,3,1,0,44
1006422,0x40010,False,285,2448488,2456494,7,3,2,0,45
1006422,0x40010,False,285,2448488,2456494,7,3,3,0,47
1006422,0x40010,False,285,2448488,2456494,7,3,4,0,45
1006422,0x40010,False,285,2448488,2456494,7,3,5,0,49
1006422,0x40010,False,285,2448488,2456494,7,3,6,0,55
1006422,0x40010,False,285,2448488,2456494,7,3,7,0,51
1006422,0x40010,False,285,2448488,2456494,7,3,8,0,50
1006422,0x40010,False,285,2448488,2456494,7,3,9,0,50
1006422,0x40010,False,285,2448488,2456494,7,3,10,0,52
1006422,0x40010,False,285,2448488,2456494,7,3,11,0,51
1006422,0x40010,False,285,2448488,2456494,7,3,12,0,52
1006422,0x40010,False,285,2448488,2456494,7,3,13,0,57
1006422,0x40010,False,285,2448488,2456494,7,3,15,0,52
1006422,0x40010,False,285,2448488,2456494,7,3,16,0,51
1043499,0x40071,False,292,2448488,2456494,7,3,0,321,0
1043499,0x40071,False,292,2448488,2456494,7,3,1,322,0
1043499,0x40071,False,292,2448488,2456494,7,3,2,315,0
1043499,0x40071,False,292,2448488,2456494,7,3,3,314,0
1043499,0x40071,False,292,2448488,2456494,7,3,4,298,0
1043499,0x40071,False,292,2448488,2456494,7,3,5,290,0
1043499,0x40071,False,292,2448488,2456494,7,3,6,281,0
1043499,0x40071,False,292,2448488,2456494,7,3,7,281,0
1043499,0x40071,False,292,2448488,2456494,7,3,8,300,0
1043499,0x40071,False,292,2448488,2456494,7,3,9,303,0
1043499,0x40071,False,292,2448488,2456494,7,3,10,306,0
1043499,0x40071,False,292,2448488,2456494,7,3,11,301,0
1043499,0x40071,False,292,2448488,2456494,7,3,12,307,0
1043499,0x40071,False,292,2448488,2456494,7,3,13,313,0
1043499,0x40071,False,292,2448488,2456494,7,3,15,308,0
1043499,0x40071,False,292,2448488,2456494,7,3,16,308,0
1043499,0x40071,False,292,2448488,2456494,7,3,0,0,40
1043499,0x40071,False,292,2448488,2456494,7,3,1,0,44
1043499,0x40071,False,292,2448488,2456494,7,3,2,0,45
1043499,0x40071,False,292,2448488,2456494,7,3,3,0,47
1043499,0x40071,False,292,2448488,2456494,7,3,4,0,45
1043499,0x40071,False,292,2448488,2456494,7,3,5,0,49
1043499,0x40071,False,292,2448488,2456494,7,3,6,0,55
1043499,0x40071,False,292,2448488,2456494,7,3,7,0,51
1043499,0x40071,False,292,2448488,2456494,7,3,8,0,50
1043499,0x40071,False,292,2448488,2456494,7,3,9,0,50
1043499,0x40071,False,292,2448488,2456494,7,3,10,0,52
1043499,0x40071,False,292,2448488,2456494,7,3,11,0,51
1043499,0x40071,False,292,2448488,2456494,7,3,12,0,52
1043499,0x40071,False,292,2448488,2456494,7,3,13,0,57
1043499,0x40071,False,292,2448488,2456494,7,3,15,0,52
1043499,0x40071,False,292,2448488,2456494,7,3,16,0,51
1139510,0x4013c,False,285,2456494,2464480,7,3,0,308,0
1139510,0x4013c,False,285,2456494,2464480,7,3,1,303,0
1139510,0x4013c,False,285,2456494,2464480,7,3,2,301,0
1139510,0x4013c,False,285,2456494,2464480,7,3,3,303,0
1139510,0x4013c,False,285,2456494,2464480,7,3,4,302,0
1139510,0x4013c,False,285,2456494,2464480,7,3,5,307,0
1139510,0x4013c,False,285,2456494,2464480,7,3,6,310,0
1139510,0x4013c,False,285,2456494,2464480,7,3,7,299,0
1139510,0x4013c,False,285,2456494,2464480,7,3,8,303,0
1139510,0x4013c,False,285,2456494,2464480,7,3,9,316,0
1139510,0x4013c,False,285,2456494,2464480,7,3,10,301,0
1139510,0x4013c,False,285,2456494,2464480,7,3,11,300,0
1139510,0x4013c,False,285,2456494,2464480,7,3,12,310,0
1139510,0x4013c,False,285,2456494,2464480,7,3,13,314,0
1139510,0x4013c,False,285,2456494,2464480,7,3,14,320,0
1139510,0x4013c,False,285,2456494,2464480,7,3,15,317,0
1139510,0x4013c,False,285,2456494,2464480,7,3,0,0,51
1139510,0x4013c,False,285,2456494,2464480,7,3,1,0,53
1139510,0x4013c,False,285,2456494,2464480,7,3,2,0,52
1139510,0x4013c,False,285,2456494,2464480,7,3,3,0,55
1139510,0x4013c,False,285,2456494,2464480,7,3,4,0,62
1139510,0x4013c,False,285,2456494,2464480,7,3,5,0,59
1139510,0x4013c,False,285,2456494,2464480,7,3,6,0,59
1139510,0x4013c,False,285,2456494,2464480,7,3,7,0,56
1139510,0x4013c,False,285,2456494,2464480,7,3,8,0,53
1139510,0x4013c,False,285,2456494,2464480,7,3,9,0,50
1139510,0x4013c,False,285,2456494,2464480,7,3,10,0,53
1139510,0x4013c,False,285,2456494,2464480,7,3,11,0,67
1139510,0x4013c,False,285,2456494,2464480,7,3,12,0,67
1139510,0x4013c,False,285,2456494,2464480,7,3,13,0,60
1139510,0x4013c,False,285,2456494,2464480,7,3,14,0,59
1139510,0x4013c,False,285,2456494,2464480,7,3,15,0,60
1176561,0x40179,False,292,2456494,2464480,7,3,0,308,0
1176561,0x40179,False,292,2456494,2464480,7,3,1,303,0
1176561,0x40179,False,292,2456494,2464480,7,3,2,301,0
1176561,0x40179,False,292,2456494,2464480,7,3,3,303,0
1176561,0x40179,False,292,2456494,2464480,7,3,4,302,0
1176561,0x40179,False,292,2456494,2464480,7,3,5,307,0
1176561,0x40179,False,292,2456494,2464480,7,3,6,310,0
1176561,0x40179,False,292,2456494,2464480,7,3,7,299,0
1176561,0x40179,False,292,2456494,2464480,7,3,8,303,0
1176561,0x40179,False,292,2456494,2464480,7,3,9,316,0
1176561,0x40179,False,292,2456494,2464480,7,3,10,301,0
1176561,0x40179,False,292,2456494,2464480,7,3,11,300,0
1176561,0x40179,False,292,2456494,2464480,7,3,12,310,0
1176561,0x40179,False,292,2456494,2464480,7,3,13,314,0
1176561,0x40179,False,292,2456494,2464480,7,3,14,320,0
1176561,0x40179,False,292,2456494,2464480,7,3,15,317,0
1176561,0x40179,False,292,2456494,2464480,7,3,0,0,51
1176561,0x40179,False,292,2456494,2464480,7,3,1,0,53
1176561,0x40179,False,292,2456494,2464480,7,3,2,0,52
1176561,0x40179,False,292,2456494,2464480,7,3,3,0,55
1176561,0x40179,False,292,2456494,2464480,7,3,4,0,62
1176561,0x40179,False,292,2456494,2464480,7,3,5,0,59
1176561,0x40179,False,292,2456494,2464480,7,3,6,0,59
1176561,0x40179,False,292,2456494,2464480,7,3,7,0,56
1176561,0x40179,False,292,2456494,2464480,7,3,8,0,53
1176561,0x40179,False,292,2456494,2464480,7,3,9,0,50
1176561,0x40179,False,292,2456494,2464480,7,3,10,0,53
1176561,0x40179,False,292,2456494,2464480,7,3,11,0,67
1176561,0x40179,False,292,2456494,2464480,7,3,12,0,67
1176561,0x40179,False,292,2456494,2464480,7,3,13,0,60
1176561,0x40179,False,292,2456494,2464480,7,3,14,0,59
1176561,0x40179,False,292,2456494,2464480,7,3,15,0,60
1239569,0x40222,False,285,2464480,2472502,7,3,0,317,0
1239569,0x40222,False,285,2464480,2472502,7,3,1,300,0
1239569,0x40222,False,285,2464480,2472502,7,3,2,292,0
1239569,0x40222,False,285,2464480,2472502,7,3,3,290,0
1239569,0x40222,False,285,2464480,2472502,7,3,4,289,0
1239569,0x40222,False,285,2464480,2472502,7,3,5,294,0
1239569,0x40222,False,285,2464480,2472502,7,3,6,295,0
1239569,0x40222,False,285,2464480,2472502,7,3,7,290,0
1239569,0x40222,False,285,2464480,2472502,7,3,8,285,0
1239569,0x40222,False,285,2464480,2472502,7,3,9,286,0
1239569,0x40222,False,285,2464480,2472502,7,3,10,291,0
1239569,0x40222,False,285,2464480,2472502,7,3,11,293,0
1239569,0x40222,False,285,2464480,2472502,7,3,12,290,0
1239569,0x40222,False,285,2464480,2472502,7,3,13,287,0
1239569,0x40222,False,285,2464480,2472502,7,3,14,286,0
1239569,0x40222,False,285,2464480,2472502,7,3,15,287,0
1239569,0x40222,False,285,2464480,2472502,7,3,16,285,0
1239569,0x40222,False,285,2464480,2472502,7,3,0,0,60
1239569,0x40222,False,285,2464480,2472502,7,3,1,0,62
1239569,0x40222,False,285,2464480,2472502,7,3,2,0,65
1239569,0x40222,False,285,2464480,2472502,7,3,3,0,66
1239569,0x40222,False,285,2464480,2472502,7,3,4,0,68
1239569,0x40222,False,285,2464480,2472502,7,3,5,0,61
1239569,0x40222,False,285,2464480,2472502,7,3,6,0,55
1239569,0x40222,False,285,2464480,2472502,7,3,7,0,53
1239569,0x40222,False,285,2464480,2472502,7,3,8,0,54
1239569,0x40222,False,285,2464480,2472502,7,3,9,0,54
1239569,0x40222,False,285,2464480,2472502,7,3,10,0,57
1239569,0x40222,False,285,2464480,2472502,7,3,11,0,61
1239569,0x40222,False,285,2464480,2472502,7,3,12,0,60
1239569,0x40222,False,285,2464480,2472502,7,3,13,0,58
1239569,0x40222,False,285,2464480,2472502,7,3,14,0,56
1239569,0x40222,False,285,2464480,2472502,7,3,15,0,55
1239569,0x40222,False,285,2464480,2472502,7,3,16,0,50
1276121,0x40269,False,292,2464480,2472502,7,3,0,317,0
1276121,0x40269,False,292,2464480,2472502,7,3,1,300,0
1276121,0x40269,False,292,2464480,2472502,7,3,2,292,0
1276121,0x40269,False,292,2464480,2472502,7,3,3,290,0
1276121,0x40269,False,292,2464480,2472502,7,3,4,289,0
1276121,0x40269,False,292,2464480,2472502,7,3,5,294,0
1276121,0x40269,False,292,2464480,2472502,7,3,6,295,0
1276121,0x40269,False,292,2464480,2472502,7,3,7,290,0
1276121,0x40269,False,292,2464480,2472502,7,3,8,285,0
1276121,0x40269,False,292,2464480,2472502,7,3,9,286,0
1276121,0x40269,False,292,2464480,2472502,7,3,10,291,0
1276121,0x40269,False,292,2464480,2472502,7,3,11,293,0
1276121,0x40269,False,292,2464480,2472502,7,3,12,290,0
1276121,0x40269,False,292,2464480,2472502,7,3,13,287,0
1276121,0x40269,False,292,2464480,2472502,7,3,14,286,0
1276121,0x40269,False,292,2464480,2472502,7,3,15,287,0
1276121,0x40269,False,292,2464480,2472502,7,3,16,285,0
1276121,0x40269,False,292,2464480,2472502,7,3,0,0,60
1276121,0x40269,False,292,2464480,2472502,7,3,1,0,62
1276121,0x40269,False,292,2464480,2472502,7,3,2,0,65
1276121,0x40269,False,292,2464480,2472502,7,3,3,0,66
1276121,0x40269,False,292,2464480,2472502,7,3,4,0,68
1276121,0x40269,False,292,2464480,2472502,7,3,5,0,61
1276121,0x40269,False,292,2464480,2472502,7,3,6,0,55
1276121,0x40269,False,292,2464480,2472502,7,3,7,0,53
1276121,0x40269,False,292,2464480,2472502,7,3,8,0,54
1276121,0x40269,False,292,2464480,2472502,7,3,9,0,54
1276121,0x40269,False,292,2464480,2472502,7,3,10,0,57
1276121,0x40269,False,292,2464480,2472502,7,3,11,0,61
1276121,0x40269,False,292,2464480,2472502,7,3,12,0,60
1276121,0x40269,False,292,2464480,2472502,7,3,13,0,58
1276121,0x40269,False,292,2464480,2472502,7,3,14,0,56
1276121,0x40269,False,292,2464480,2472502,7,3,15,0,55
1276121,0x40269,False,292,2464480,2472502,7,3,16,0,50
1306050,0x402b9,False,285,2472502,2480458,7,3,0,285,0
1306050,0x402b9,False,285,2472502,2480458,7,3,1,286,0
1306050,0x402b9,False,285,2472502,2480458,7,3,2,293,0
1306050,0x402b9,False,285,2472502,2480458,7,3,3,295,0
1306050,0x402b9,False,285,2472502,2480458,7,3,4,296,0
1306050,0x402b9,False,285,2472502,2480458,7,3,5,297,0
1306050,0x402b9,False,285,2472502,2480458,7,3,6,297,0
1306050,0x402b9,False,285,2472502,2480458,7,3,7,288,0
1306050,0x402b9,False,285,2472502,2480458,7,3,8,300,0
1306050,0x402b9,False,285,2472502,2480458,7,3,9,301,0
1306050,0x402b9,False,285,2472502,2480458,7,3,10,293,0
1306050,0x402b9,False,285,2472502,2480458,7,3,11,294,0
1306050,0x402b9,False,285,2472502,2480458,7,3,12,298,0
1306050,0x402b9,False,285,2472502,2480458,7,3,13,296,0
1306050,0x402b9,False,285,2472502,2480458,7,3,14,297,0
1306050,0x402b9,False,285,2472502,2480458,7,3,15,295,0
1306050,0x402b9,False,285,2472502,2480458,7,3,0,0,50
1306050,0x402b9,False,285,2472502,2480458,7,3,1,0,46
1306050,0x402b9,False,285,2472502,2480458,7,3,2,0,49
1306050,0x402b9,False,285,2472502,2480458,7,3,3,0,58
1306050,0x402b9,False,285,2472502,2480458,7,3,4,0,65
1306050,0x402b9,False,285,2472502,2480458,7,3,5,0,66
1306050,0x402b9,False,285,2472502,2480458,7,3,6,0,61
1306050,0x402b9,False,285,2472502,2480458,7,3,7,0,61
1306050,0x402b9,False,285,2472502,2480458,7,3,8,0,65
1306050,0x402b9,False,285,2472502,2480458,7,3,9,0,64
1306050,0x402b9,False,285,2472502,2480458,7,3,10,0,61
1306050,0x402b9,False,285,2472502,2480458,7,3,11,0,57
1306050,0x402b9,False,285,2472502,2480458,7,3,12,0,52
1306050,0x402b9,False,285,2472502,2480458,7,3,13,0,52
1306050,0x402b9,False,285,2472502,2480458,7,3,14,0,52
1306050,0x402b9,False,285,2472502,2480458,7,3,15,0,54
1306050,0x402b9,False,285,2472502,2480458,7,3,16,0,59
1342410,0x402d1,False,292,2472502,2480458,7,3,0,285,0
1342410,0x402d1,False,292,2472502,2480458,7,3,1,286,0
1342410,0x402d1,False,292,2472502,2480458,7,3,2,293,0
1342410,0x402d1,False,292,2472502,2480458,7,3,3,295,0
1342410,0x402d1,False,292,2472502,2480458,7,3,4,296,0
1342410,0x402d1,False,292,2472502,2480458,7,3,5,297,0
1342410,0x402d1,False,292,2472502,2480458,7,3,6,297,0
1342410,0x402d1,False,292,2472502,2480458,7,3,7,288,0
1342410,0x402d1,False,292,2472502,2480458,7,3,8,300,0
1342410,0x402d1,False,292,2472502,2480458,7,3,9,301,0
1342410,0x402d1,False,292,2472502,2480458,7,3,10,293,0
1342410,0x402d1,False,292,2472502,2480458,7,3,11,294,0
1342410,0x402d1,False,292,2472502,2480458,7,3,12,298,0
1342410,0x402d1,False,292,2472502,2480458,7,3,13,296,0
1342410,0x402d1,False,292,2472502,2480458,7,3,14,297,0
1342410,0x402d1,False,292,2472502,2480458,7,3,15,295,0
1342410,0x402d1,False,292,2472502,2480458,7,3,0,0,50
1342410,0x402d1,False,292,2472502,2480458,7,3,1,0,46
1342410,0x402d1,False,292,2472502,2480458,7,3,2,0,49
1342410,0x402d1,False,292,2472502,2480458,7,3,3,0,58
1342410,0x402d1,False,292,2472502,2480458,7,3,4,0,65
1342410,0x402d1,False,292,2472502,2480458,7,3,5,0,66
1342410,0x402d1,False,292,2472502,2480458,7,3,6,0,61
1342410,0x402d1,False,292,2472502,2480458,7,3,7,0,61
1342410,0x402d1,False,292,2472502,2480458,7,3,8,0,65
1342410,0x402d1,False,292,2472502,2480458,7,3,9,0,64
1342410,0x402d1,False,292,2472502,2480458,7,3,10,0,61
1342410,0x402d1,False,292,2472502,2480458,7,3,11,0,57
1342410,0x402d1,False,292,2472502,2480458,7,3,12,0,52
1342410,0x402d1,False,292,2472502,2480458,7,3,13,0,52
1342410,0x402d1,False,292,2472502,2480458,7,3,14,0,52
1342410,0x402d1,False,292,2472502,2480458,7,3,15,0,54
1342410,0x402d1,False,292,2472502,2480458,7,3,16,0,59
1438312,0x40325,False,285,2480458,2488515,7,3,0,295,0
1438312,0x40325,False,285,2480458,2488515,7,3,1,294,0
1438312,0x40325,False,285,2480458,2488515,7,3,2,291,0
1438312,0x40325,False,285,2480458,2488515,7,3,3,289,0
1438312,0x40325,False,285,2480458,2488515,7,3,4,289,0
1438312,0x40325,False,285,2480458,2488515,7,3,5,294,0
1438312,0x40325,False,285,2480458,2488515,7,3,6,298,0
1438312,0x40325,False,285,2480458,2488515,7,3,7,298,0
1438312,0x40325,False,285,2480458,2488515,7,3,8,300,0
1438312,0x40325,False,285,2480458,2488515,7,3,9,298,0
1438312,0x40325,False,285,2480458,2488515,7,3,10,297,0
1438312,0x40325,False,285,2480458,2488515,7,3,11,298,0
1438312,0x40325,False,285,2480458,2488515,7,3,12,295,0
1438312,0x40325,False,285,2480458,2488515,7,3,13,301,0
1438312,0x40325,False,285,2480458,2488515,7,3,14,305,0
1438312,0x40325,False,285,2480458,2488515,7,3,15,301,0
1438312,0x40325,False,285,2480458,2488515,7,3,16,303,0
1438312,0x40325,False,285,2480458,2488515,7,3,0,0,59
1438312,0x40325,False,285,2480458,2488515,7,3,1,0,63
1438312,0x40325,False,285,2480458,2488515,7,3,2,0,62
1438312,0x40325,False,285,2480458,2488515,7,3,3,0,65
1438312,0x40325,False,285,2480458,2488515,7,3,4,0,64
1438312,0x40325,False,285,2480458,2488515,7,3,5,0,63
1438312,0x40325,False,285,2480458,2488515,7,3,6,0,62
1438312,0x40325,False,285,2480458,2488515,7,3,7,0,61
1438312,0x40325,False,285,2480458,2488515,7,3,8,0,64
1438312,0x40325,False,285,2480458,2488515,7,3,9,0,68
1438312,0x40325,False,285,2480458,2488515,7,3,10,0,64
1438312,0x40325,False,285,2480458,2488515,7,3,11,0,64
1438312,0x40325,False,285,2480458,2488515,7,3,12,0,67
1438312,0x40325,False,285,2480458,2488515,7,3,13,0,66
1438312,0x40325,False,285,2480458,2488515,7,3,14,0,62
1438312,0x40325,False,285,2480458,2488515,7,3,15,0,59
1438312,0x40325,False,285,2480458,2488515,7,3,16,0,57
1442012,0x40331,False,292,2480458,2488515,7,3,0,295,0
1442012,0x40331,False,292,2480458,2488515,7,3,1,294,0
1442012,0x40331,False,292,2480458,2488515,7,3,2,291,0
1442012,0x40331,False,292,2480458,2488515,7,3,3,289,0
1442012,0x40331,False,292,2480458,2488515,7,3,4,289,0
1442012,0x40331,False,292,2480458,2488515,7,3,5,294,0
1442012,0x40331,False,292,2480458,2488515,7,3,6,298,0
1442012,0x40331,False,292,2480458,2488515,7,3,7,298,0
1442012,0x40331,False,292,2480458,2488515,7,3,8,300,0
1442012,0x40331,False,292,2480458,2488515,7,3,9,298,0
1442012,0x40331,False,292,2480458,2488515,7,3,10,297,0
1442012,0x40331,False,292,2480458,2488515,7,3,11,298,0
1442012,0x40331,False,292,2480458,2488515,7,3,12,295,0
1442012,0x40331,False,292,2480458,2488515,7,3,13,301,0
1442012,0x40331,False,292,2480458,2488515,7,3,14,305,0
1442012,0x40331,False,292,2480458,2488515,7,3,15,301,0
1442012,0x40331,False,292,2480458,2488515,7,3,16,303,0
1442012,0x40331,False,292,2480458,2488515,7,3,0,0,59
1442012,0x40331,False,292,2480458,2488515,7,3,1,0,63
1442012,0x40331,False,292,2480458,2488515,7,3,2,0,62
1442012,0x40331,False,292,2480458,2488515,7,3,3,0,65
1442012,0x40331,False,292,2480458,2488515,7,3,4,0,64
1442012,0x40331,False,292,2480458,2488515,7,3,5,0,63
1442012,0x40331,False,292,2480458,2488515,7,3,6,0,62
1442012,0x40331,False,292,2480458,2488515,7,3,7,0,61
1442012,0x40331,False,292,2480458,2488515,7,3,8,0,64
1442012,0x40331,False,292,2480458,2488515,7,3,9,0,68
1442012,0x40331,False,292,2480458,2488515,7,3,10,0,64
1442012,0x40331,False,292,2480458,2488515,7,3,11,0,64
1442012,0x40331,False,292,2480458,2488515,7,3,12,0,67
1442012,0x40331,False,292,2480458,2488515,7,3,13,0,66
1442012,0x40331,False,292,2480458,2488515,7,3,14,0,62
1442012,0x40331,False,292,2480458,2488515,7,3,15,0,59
1442012,0x40331,False,292,2480458,2488515,7,3,16,0,57
1538152,0x4036e,False,285,2488515,2496506,7,3,0,303,0
1538152,0x4036e,False,285,2488515,2496506,7,3,1,303,0
1538152,0x4036e,False,285,2488515,2496506,7,3,2,302,0
1538152,0x4036e,False,285,2488515,2496506,7,3,4,303,0
1538152,0x4036e,False,285,2488515,2496506,7,3,5,303,0
1538152,0x4036e,False,285,2488515,2496506,7,3,6,307,0
1538152,0x4036e,False,285,2488515,2496506,7,3,7,315,0
1538152,0x4036e,False,285,2488515,2496506,7,3,8,314,0
1538152,0x4036e,False,285,2488515,2496506,7,3,9,304,0
1538152,0x4036e,False,285,2488515,2496506,7,3,10,293,0
1538152,0x4036e,False,285,2488515,2496506,7,3,12,290,0
1538152,0x4036e,False,285,2488515,2496506,7,3,13,292,0
1538152,0x4036e,False,285,2488515,2496506,7,3,14,294,0
1538152,0x4036e,False,285,2488515,2496506,7,3,15,288,0
1538152,0x4036e,False,285,2488515,2496506,7,3,16,292,0
1538152,0x4036e,False,285,2488515,2496506,7,3,17,297,0
1538152,0x4036e,False,285,2488515,2496506,7,3,18,302,0
1538152,0x4036e,False,285,2488515,2496506,7,3,0,0,57
1538152,0x4036e,False,285,2488515,2496506,7,3,1,0,58
1538152,0x4036e,False,285,2488515,2496506,7,3,2,0,58
1538152,0x4036e,False,285,2488515,2496506,7,3,3,0,57
1538152,0x4036e,False,285,2488515,2496506,7,3,5,0,61
1538152,0x4036e,False,285,2488515,2496506,7,3,6,0,62
1538152,0x4036e,False,285,2488515,2496506,7,3,7,0,59
1538152,0x4036e,False,285,2488515,2496506,7,3,9,0,57
1538152,0x4036e,False,285,2488515,2496506,7,3,10,0,56
1538152,0x4036e,False,285,2488515,2496506,7,3,11,0,54
1538152,0x4036e,False,285,2488515,2496506,7,3,12,0,54
1538152,0x4036e,False,285,2488515,2496506,7,3,13,0,55
1538152,0x4036e,False,285,2488515,2496506,7,3,14,0,57
1538152,0x4036e,False,285,2488515,2496506,7,3,15,0,60
1538152,0x4036e,False,285,2488515,2496506,7,3,16,0,62
1538152,0x4036e,False,285,2488515,2496506,7,3,17,0,65
1538152,0x4036e,False,285,2488515,2496506,7,3,18,0,69
1541583,0x40379,False,292,2488515,2496506,7,3,0,303,0
1541583,0x40379,False,292,2488515,2496506,7,3,1,303,0
1541583,0x40379,False,292,2488515,2496506,7,3,2,302,0
1541583,0x40379,False,292,2488515,2496506,7,3,4,303,0
1541583,0x40379,False,292,2488515,2496506,7,3,5,303,0
1541583,0x40379,False,292,2488515,2496506,7,3,6,307,0
1541583,0x40379,False,292,2488515,2496506,7,3,7,315,0
1541583,0x40379,False,292,2488515,2496506,7,3,8,314,0
1541583,0x40379,False,292,2488515,2496506,7,3,9,304,0
1541583,0x40379,False,292,2488515,2496506,7,3,10,293,0
1541583,0x40379,False,292,2488515,2496506,7,3,12,290,0
1541583,0x40379,False,292,2488515,2496506,7,3,13,292,0
1541583,0x40379,False,292,2488515,2496506,7,3,14,294,0
1541583,0x40379,False,292,2488515,2496506,7,3,15,288,0
1541583,0x40379,False,292,2488515,2496506,7,3,16,292,0
1541583,0x40379,False,292,2488515,2496506,7,3,17,297,0
1541583,0x40379,False,292,2488515,2496506,7,3,18,302,0
1541583,0x40379,False,292,2488515,2496506,7,3,0,0,57
1541583,0x40379,False,292,2488515,2496506,7,3,1,0,58
1541583,0x40379,False,292,2488515,2496506,7,3,2,0,58
1541583,0x40379,False,292,2488515,2496506,7,3,3,0,57
1541583,0x40379,False,292,2488515,2496506,7,3,5,0,61
1541583,0x40379,False,292,2488515,2496506,7,3,6,0,62
1541583,0x40379,False,292,2488515,2496506,7,3,7,0,59
1541583,0x40379,False,292,2488515,2496506,7,3,9,0,57
1541583,0x40379,False,292,2488515,2496506,7,3,10,0,56
1541583,0x40379,False,292,2488515,2496506,7,3,11,0,54
1541583,0x40379,False,292,2488515,2496506,7,3,12,0,54
1541583,0x40379,False,292,2488515,2496506,7,3,13,0,55
1541583,0x40379,False,292,2488515,2496506,7,3,14,0,57
1541583,0x40379,False,292,2488515,2496506,7,3,15,0,60
1541583,0x40379,False,292,2488515,2496506,7,3,16,0,62
1541583,0x40379,False,292,2488515,2496506,7,3,17,0,65
1541583,0x40379,False,292,2488515,2496506,7,3,18,0,69
1637275,0x403da,False,285,2496506,2504496,7,3,0,302,0
1637275,0x403da,False,285,2496506,2504496,7,3,1,307,0
1637275,0x403da,False,285,2496506,2504496,7,3,2,306,0
1637275,0x403da,False,285,2496506,2504496,7,3,3,308,0
1637275,0x403da,False,285,2496506,2504496,7,3,4,305,0
1637275,0x403da,False,285,2496506,2504496,7,3,5,300,0
1637275,0x403da,False,285,2496506,2504496,7,3,6,301,0
1637275,0x403da,False,285,2496506,2504496,7,3,7,297,0
1637275,0x403da,False,285,2496506,2504496,7,3,8,298,0
1637275,0x403da,False,285,2496506,2504496,7,3,9,303,0
1637275,0x403da,False,285,2496506,2504496,7,3,10,301,0
1637275,0x403da,False,285,2496506,2504496,7,3,11,305,0
1637275,0x403da,False,285,2496506,2504496,7,3,12,305,0
1637275,0x403da,False,285,2496506,2504496,7,3,13,303,0
1637275,0x403da,False,285,2496506,2504496,7,3,14,302,0
1637275,0x403da,False,285,2496506,2504496,7,3,15,307,0
1637275,0x403da,False,285,2496506,2504496,7,3,16,312,0
1637275,0x403da,False,285,2496506,2504496,7,3,0,0,69
1637275,0x403da,False,285,2496506,2504496,7,3,1,0,69
1637275,0x403da,False,285,2496506,2504496,7,3,2,0,70
1637275,0x403da,False,285,2496506,2504496,7,3,3,0,73
1637275,0x403da,False,285,2496506,2504496,7,3,4,0,74
1637275,0x403da,False,285,2496506,2504496,7,3,5,0,71
1637275,0x403da,False,285,2496506,2504496,7,3,6,0,71
1637275,0x403da,False,285,2496506,2504496,7,3,7,0,70
1637275,0x403da,False,285,2496506,2504496,7,3,8,0,67
1637275,0x403da,False,285,2496506,2504496,7,3,9,0,63
1637275,0x403da,False,285,2496506,2504496,7,3,10,0,62
1637275,0x403da,False,285,2496506,2504496,7,3,11,0,60
1637275,0x403da,False,285,2496506,2504496,7,3,12,0,57
1637275,0x403da,False,285,2496506,2504496,7,3,13,0,59
1637275,0x403da,False,285,2496506,2504496,7,3,14,0,62
1637275,0x403da,False,285,2496506,2504496,7,3,15,0,65
1637275,0x403da,False,285,2496506,2504496,7,3,16,0,65
1706887,0x4040f,False,292,2496506,2504496,7,3,0,302,0
1706887,0x4040f,False,292,2496506,2504496,7,3,1,307,0
1706887,0x4040f,False,292,2496506,2504496,7,3,2,306,0
1706887,0x4040f,False,292,2496506,2504496,7,3,3,308,0
1706887,0x4040f,False,292,2496506,2504496,7,3,4,305,0
1706887,0x4040f,False,292,2496506,2504496,7,3,5,300,0
1706887,0x4040f,False,292,2496506,2504496,7,3,6,301,0
1706887,0x4040f,False,292,2496506,2504496,7,3,7,297,0
1706887,0x4040f,False,292,2496506,2504496,7,3,8,298,0
1706887,0x4040f,False,292,2496506,2504496,7,3,9,303,0
1706887,0x4040f,False,292,2496506,2504496,7,3,10,301,0
1706887,0x4040f,False,292,2496506,2504496,7,3,11,305,0
1706887,0x4040f,False,292,2496506,2504496,7,3,12,305,0
1706887,0x4040f,False,292,2496506,2504496,7,3,13,303,0
1706887,0x4040f,False,292,2496506,2504496,7,3,14,302,0
1706887,0x4040f,False,292,2496506,2504496,7,3,15,307,0
1706887,0x4040f,False,292,2496506,2504496,7,3,16,312,0
1706887,0x4040f,False,292,2496506,2504496,7,3,0,0,69
1706887,0x4040f,False,292,2496506,2504496,7,3,1,0,69
1706887,0x4040f,False,292,2496506,2504496,7,3,2,0,70
1706887,0x4040f,False,292,2496506,2504496,7,3,3,0,73
1706887,0x4040f,False,292,2496506,2504496,7,3,4,0,74
1706887,0x4040f,False,292,2496506,2504496,7,3,5,0,71
1706887,0x4040f,False,292,2496506,2504496,7,3,6,0,71
1706887,0x4040f,False,292,2496506,2504496,7,3,7,0,70
1706887,0x4040f,False,292,2496506,2504496,7,3,8,0,67
1706887,0x4040f,False,292,2496506,2504496,7,3,9,0,63
1706887,0x4040f,False,292,2496506,2504496,7,3,10,0,62
1706887,0x4040f,False,292,2496506,2504496,7,3,11,0,60
1706887,0x4040f,False,292,2496506,2504496,7,3,12,0,57
1706887,0x4040f,False,292,2496506,2504496,7,3,13,0,59
1706887,0x4040f,False,292,2496506,2504496,7,3,14,0,62
1706887,0x4040f,False,292,2496506,2504496,7,3,15,0,65
1706887,0x4040f,False,292,2496506,2504496,7,3,16,0,65
1768621,0x40440,False,285,2504496,2512527,7,3,0,312,0
1768621,0x40440,False,285,2504496,2512527,7,3,1,313,0
1768621,0x40440,False,285,2504496,2512527,7,3,2,310,0
1768621,0x40440,False,285,2504496,2512527,7,3,3,306,0
1768621,0x40440,False,285,2504496,2512527,7,3,4,301,0
1768621,0x40440,False,285,2504496,2512527,7,3,5,299,0
1768621,0x40440,False,285,2504496,2512527,7,3,6,298,0
1768621,0x40440,False,285,2504496,2512527,7,3,7,294,0
1768621,0x40440,False,285,2504496,2512527,7,3,8,292,0
1768621,0x40440,False,285,2504496,2512527,7,3,9,291,0
1768621,0x40440,False,285,2504496,2512527,7,3,10,290,0
1768621,0x40440,False,285,2504496,2512527,7,3,11,291,0
1768621,0x40440,False,285,2504496,2512527,7,3,12,294,0
1768621,0x40440,False,285,2504496,2512527,7,3,13,296,0
1768621,0x40440,False,285,2504496,2512527,7,3,14,293,0
1768621,0x40440,False,285,2504496,2512527,7,3,15,297,0
1768621,0x40440,False,285,2504496,2512527,7,3,16,297,0
1768621,0x40440,False,285,2504496,2512527,7,3,0,0,65
1768621,0x40440,False,285,2504496,2512527,7,3,1,0,63
1768621,0x40440,False,285,2504496,2512527,7,3,2,0,64
1768621,0x40440,False,285,2504496,2512527,7,3,3,0,68
1768621,0x40440,False,285,2504496,2512527,7,3,4,0,71
1768621,0x40440,False,285,2504496,2512527,7,3,5,0,69
1768621,0x40440,False,285,2504496,2512527,7,3,6,0,68
1768621,0x40440,False,285,2504496,2512527,7,3,7,0,64
1768621,0x40440,False,285,2504496,2512527,7,3,8,0,64
1768621,0x40440,False,285,2504496,2512527,7,3,9,0,64
1768621,0x40440,False,285,2504496,2512527,7,3,10,0,59
1768621,0x40440,False,285,2504496,2512527,7,3,11,0,61
1768621,0x40440,False,285,2504496,2512527,7,3,12,0,64
1768621,0x40440,False,285,2504496,2512527,7,3,13,0,66
1768621,0x40440,False,285,2504496,2512527,7,3,14,0,64
1768621,0x40440,False,285,2504496,2512527,7,3,15,0,67
1768621,0x40440,False,285,2504496,2512527,7,3,16,0,70
1772188,0x4044b,False,292,2504496,2512527,7,3,0,312,0
1772188,0x4044b,False,292,2504496,2512527,7,3,1,313,0
1772188,0x4044b,False,292,2504496,2512527,7,3,2,310,0
1772188,0x4044b,False,292,2504496,2512527,7,3,3,306,0
1772188,0x4044b,False,292,2504496,2512527,7,3,4,301,0
1772188,0x4044b,False,292,2504496,2512527,7,3,5,299,0
1772188,0x4044b,False,292,2504496,2512527,7,3,6,298,0
1772188,0x4044b,False,292,2504496,2512527,7,3,7,294,0
1772188,0x4044b,False,292,2504496,2512527,7,3,8,292,0
1772188,0x4044b,False,292,2504496,2512527,7,3,9,291,0
1772188,0x4044b,False,292,2504496,2512527,7,3,10,290,0
1772188,0x4044b,False,292,2504496,2512527,7,3,11,291,0
1772188,0x4044b,False,292,2504496,2512527,7,3,12,294,0
1772188,0x4044b,False,292,2504496,2512527,7,3,13,296,0
1772188,0x4044b,False,292,2504496,2512527,7,3,14,293,0
1772188,0x4044b,False,292,2504496,2512527,7,3,15,297,0
1772188,0x4044b,False,292,2504496,2512527,7,3,16,297,0
1772188,0x4044b,False,292,2504496,2512527,7,3,0,0,65
1772188,0x4044b,False,292,2504496,2512527,7,3,1,0,63
1772188,0x4044b,False,292,2504496,2512527,7,3,2,0,64
1772188,0x4044b,False,292,2504496,2512527,7,3,3,0,68
1772188,0x4044b,False,292,2504496,2512527,7,3,4,0,71
1772188,0x4044b,False,292,2504496,2512527,7,3,5,0,69
1772188,0x4044b,False,292,2504496,2512527,7,3,6,0,68
1772188,0x4044b,False,292,2504496,2512527,7,3,7,0,64
1772188,0x4044b,False,292,2504496,2512527,7,3,8,0,64
1772188,0x4044b,False,292,2504496,2512527,7,3,9,0,64
1772188,0x4044b,False,292,2504496,2512527,7,3,10,0,59
1772188,0x4044b,False,292,2504496,2512527,7,3,11,0,61
1772188,0x4044b,False,292,2504496,2512527,7,3,12,0,64
1772188,0x4044b,False,292,2504496,2512527,7,3,13,0,66
1772188,0x4044b,False,292,2504496,2512527,7,3,14,0,64
1772188,0x4044b,False,292,2504496,2512527,7,3,15,0,67
1772188,0x4044b,False,292,2504496,2512527,7,3,16,0,70
1868480,0x4049c,False,285,2512527,2520535,7,3,0,297,0
1868480,0x4049c,False,285,2512527,2520535,7,3,1,295,0
1868480,0x4049c,False,285,2512527,2520535,7,3,2,296,0
1868480,0x4049c,False,285,2512527,2520535,7,3,3,291,0
1868480,0x4049c,False,285,2512527,2520535,7,3,4,284,0
1868480,0x4049c,False,285,2512527,2520535,7,3,5,282,0
1868480,0x4049c,False,285,2512527,2520535,7,3,6,286,0
1868480,0x4049c,False,285,2512527,2520535,7,3,7,287,0
1868480,0x4049c,False,285,2512527,2520535,7,3,8,288,0
1868480,0x4049c,False,285,2512527,2520535,7,3,9,291,0
1868480,0x4049c,False,285,2512527,2520535,7,3,10,294,0
1868480,0x4049c,False,285,2512527,2520535,7,3,11,297,0
1868480,0x4049c,False,285,2512527,2520535,7,3,12,297,0
1868480,0x4049c,False,285,2512527,2520535,7,3,13,300,0
1868480,0x4049c,False,285,2512527,2520535,7,3,14,299,0
1868480,0x4049c,False,285,2512527,2520535,7,3,15,296,0
1868480,0x4049c,False,285,2512527,2520535,7,3,16,293,0
1868480,0x4049c,False,285,2512527,2520535,7,3,0,0,70
1868480,0x4049c,False,285,2512527,2520535,7,3,1,0,70
1868480,0x4049c,False,285,2512527,2520535,7,3,2,0,68
1868480,0x4049c,False,285,2512527,2520535,7,3,3,0,66
1868480,0x4049c,False,285,2512527,2520535,7,3,4,0,65
1868480,0x4049c,False,285,2512527,2520535,7,3,5,0,61
1868480,0x4049c,False,285,2512527,2520535,7,3,6,0,64
1868480,0x4049c,False,285,2512527,2520535,7,3,7,0,67
1868480,0x4049c,False,285,2512527,2520535,7,3,8,0,65
1868480,0x4049c,False,285,2512527,2520535,7,3,9,0,64
1868480,0x4049c,False,285,2512527,2520535,7,3,10,0,64
1868480,0x4049c,False,285,2512527,2520535,7,3,11,0,67
1868480,0x4049c,False,285,2512527,2520535,7,3,12,0,69
1868480,0x4049c,False,285,2512527,2520535,7,3,13,0,66
1868480,0x4049c,False,285,2512527,2520535,7,3,14,0,61
1868480,0x4049c,False,285,2512527,2520535,7,3,15,0,62
1868480,0x4049c,False,285,2512527,2520535,7,3,16,0,63
1905409,0x404b3,False,292,2512527,2520535,7,3,0,297,0
1905409,0x404b3,False,292,2512527,2520535,7,3,1,295,0
1905409,0x404b3,False,292,2512527,2520535,7,3,2,296,0
1905409,0x404b3,False,292,2512527,2520535,7,3,3,291,0
1905409,0x404b3,False,292,2512527,2520535,7,3,4,284,0
1905409,0x404b3,False,292,2512527,2520535,7,3,5,282,0
1905409,0x404b3,False,292,2512527,2520535,7,3,6,286,0
1905409,0x404b3,False,292,2512527,2520535,7,3,7,287,0
1905409,0x404b3,False,292,2512527,2520535,7,3,8,288,0
1905409,0x404b3,False,292,2512527,2520535,7,3,9,291,0
1905409,0x404b3,False,292,2512527,2520535,7,3,10,294,0
1905409,0x404b3,False,292,2512527,2520535,7,3,11,297,0
1905409,0x404b3,False,292,2512527,2520535,7,3,12,297,0
1905409,0x404b3,False,292,2512527,2520535,7,3,13,300,0
1905409,0x404b3,False,292,2512527,2520535,7,3,14,299,0
1905409,0x404b3,False,292,2512527,2520535,7,3,15,296,0
1905409,0x404b3,False,292,2512527,2520535,7,3,16,293,0
1905409,0x404b3,False,292,2512527,2520535,7,3,0,0,70
1905409,0x404b3,False,292,2512527,2520535,7,3,1,0,70
1905409,0x404b3,False,292,2512527,2520535,7,3,2,0,68
1905409,0x404b3,False,292,2512527,2520535,7,3,3,0,66
1905409,0x404b3,False,292,2512527,2520535,7,3,4,0,65
1905409,0x404b3,False,292,2512527,2520535,7,3,5,0,61
1905409,0x404b3,False,292,2512527,2520535,7,3,6,0,64
1905409,0x404b3,False,292,2512527,2520535,7,3,7,0,67
1905409,0x404b3,False,292,2512527,2520535,7,3,8,0,65
1905409,0x404b3,False,292,2512527,2520535,7,3,9,0,64
1905409,0x404b3,False,292,2512527,2520535,7,3,10,0,64
1905409,0x404b3,False,292,2512527,2520535,7,3,11,0,67
1905409,0x404b3,False,292,2512527,2520535,7,3,12,0,69
1905409,0x404b3,False,292,2512527,2520535,7,3,13,0,66
1905409,0x404b3,False,292,2512527,2520535,7,3,14,0,61
1905409,0x404b3,False,292,2512527,2520535,7,3,15,0,62
1905409,0x404b3,False,292,2512527,2520535,7,3,16,0,63
